Genotype,LN Cob Width 2019,LN Cob Weight,LN Cob Length,LN 20 Kernel Weight
33-16,,9.4,12.2,5
33-16,24.7,9.4,12.2,5
33-16,24.7,9.4,11.4,5
33-16,,9.4,11.4,5
4226,21.3,11.4,14.8,4.9
4226,21.3,15.175,12.75,4.9
4226,21.3,15.175,14.8,4.9
4226,21.3,11.4,12.75,4.9
4226,19,11.4,14.8,4.9
4226,19,11.4,12.75,4.9
4226,19,15.175,14.8,4.9
4226,19,15.175,12.75,4.9
A188,26.5,25.2,11.11666667,6.4
A188,,25.2,11.11666667,6.4
A188,,25.2,11.3,6.4
A188,26.5,25.2,11.3,6.4
A239,23.04,6.52,12.6,4.8
A239,19.92,8.34,12.6,4.8
A239,19.92,8.34,11.8,4.8
A239,23.04,6.52,11.8,4.8
A239,19.92,6.52,11.8,4.8
A239,19.92,6.52,12.6,4.8
A239,23.04,8.34,11.8,4.8
A239,23.04,8.34,12.6,4.8
A554,19.5,5.58,8.333333333,3.9
A554,19.5,5.58,8.333333333,5.1
A554,19.5,8.266666667,8.333333333,3.9
A554,19.5,8.266666667,8.333333333,5.1
A554,19.5,8.266666667,9.766666667,3.9
A554,19.5,8.266666667,9.766666667,5.1
A554,20.8,5.58,9.766666667,3.9
A554,20.8,5.58,9.766666667,5.1
A554,19.5,5.58,9.766666667,3.9
A554,19.5,5.58,9.766666667,5.1
A554,20.8,8.266666667,8.333333333,3.9
A554,20.8,8.266666667,8.333333333,5.1
A554,20.8,5.58,8.333333333,3.9
A554,20.8,5.58,8.333333333,5.1
A554,20.8,8.266666667,9.766666667,3.9
A554,20.8,8.266666667,9.766666667,5.1
A556,20.5,3.85,12.78333333,6.6
A556,24.7,3.85,12.78333333,6.6
A556,24.7,19.8,12.78333333,6.6
A556,20.5,19.8,12.78333333,6.6
A634,23.24,6.833333333,14.51666667,5.6
A634,23.24,6.833333333,14.51666667,6.5
A634,22.3,6.833333333,14.51666667,5.6
A634,22.3,6.833333333,14.51666667,6.5
A634,22.3,12.12,14.71666667,5.6
A634,22.3,12.12,14.71666667,6.5
A634,22.3,6.833333333,14.71666667,5.6
A634,22.3,6.833333333,14.71666667,6.5
A634,22.3,12.12,14.51666667,5.6
A634,22.3,12.12,14.51666667,6.5
A634,23.24,6.833333333,14.71666667,5.6
A634,23.24,6.833333333,14.71666667,6.5
A634,23.24,12.12,14.71666667,5.6
A634,23.24,12.12,14.71666667,6.5
A634,23.24,12.12,14.51666667,5.6
A634,23.24,12.12,14.51666667,6.5
A635,21.63333333,12.56666667,8.914285714,4.6
A635,18.74285714,8.214285714,14.85,4.6
A635,18.74285714,12.56666667,8.914285714,4.6
A635,21.63333333,8.214285714,14.85,4.6
A635,21.63333333,12.56666667,14.85,4.6
A635,18.74285714,8.214285714,8.914285714,4.6
A635,21.63333333,8.214285714,8.914285714,4.6
A635,18.74285714,12.56666667,14.85,4.6
A654,23.4,9.75,15.65,5.6
A654,23.4,9.75,15.65,5.7
A654,23.4,7.04,15.55714286,5.6
A654,23.4,7.04,15.55714286,5.7
A654,20.42,7.04,15.55714286,5.6
A654,20.42,7.04,15.55714286,5.7
A654,23.4,7.04,15.65,5.6
A654,23.4,7.04,15.65,5.7
A654,20.42,7.04,15.65,5.6
A654,20.42,7.04,15.65,5.7
A654,20.42,9.75,15.55714286,5.6
A654,20.42,9.75,15.55714286,5.7
A654,23.4,9.75,15.55714286,5.6
A654,23.4,9.75,15.55714286,5.7
A654,20.42,9.75,15.65,5.6
A654,20.42,9.75,15.65,5.7
A659,24.475,5.1,14.2,5.7
A659,24.475,5.1,14.2,5.7
A659,24.475,5.1,12.06666667,5.7
A659,24.475,5.1,12.06666667,5.7
A659,24.475,8.375,14.2,5.7
A659,24.475,8.375,14.2,5.7
A659,24.475,8.375,12.06666667,5.7
A659,24.475,8.375,12.06666667,5.7
A659,20.175,5.1,12.06666667,5.7
A659,20.175,5.1,12.06666667,5.7
A659,20.175,8.375,14.2,5.7
A659,20.175,8.375,14.2,5.7
A659,20.175,8.375,12.06666667,5.7
A659,20.175,8.375,12.06666667,5.7
A659,20.175,5.1,14.2,5.7
A659,20.175,5.1,14.2,5.7
A679,23.25,11.95,11.68333333,4.5
A679,23.25,11.95,11.68333333,4.3
A679,23.25,11.175,14.68333333,4.5
A679,23.25,11.175,14.68333333,4.3
A679,24.475,11.95,14.68333333,4.5
A679,24.475,11.95,14.68333333,4.3
A679,24.475,11.175,14.68333333,4.5
A679,24.475,11.175,14.68333333,4.3
A679,23.25,11.175,11.68333333,4.5
A679,23.25,11.175,11.68333333,4.3
A679,24.475,11.95,11.68333333,4.5
A679,24.475,11.95,11.68333333,4.3
A679,24.475,11.175,11.68333333,4.5
A679,24.475,11.175,11.68333333,4.3
A679,23.25,11.95,14.68333333,4.5
A679,23.25,11.95,14.68333333,4.3
A680,22.35,13.85,15.15,4.1
A680,22.35,13.85,13.64,4.1
A680,24.575,7.4,13.64,4.1
A680,22.35,7.4,15.15,4.1
A680,24.575,13.85,13.64,4.1
A680,24.575,7.4,15.15,4.1
A680,24.575,13.85,15.15,4.1
A680,22.35,7.4,13.64,4.1
A682,20.525,11.45,16.46666667,6.4
A682,20.525,11.45,16.46666667,6.4
A682,20.525,8.62,16.46666667,6.4
A682,20.525,8.62,16.46666667,6.4
A682,20.525,11.45,12.28333333,6.4
A682,20.525,11.45,12.28333333,6.4
A682,20,11.45,16.46666667,6.4
A682,20,11.45,16.46666667,6.4
A682,20,8.62,12.28333333,6.4
A682,20,8.62,12.28333333,6.4
A682,20.525,8.62,12.28333333,6.4
A682,20.525,8.62,12.28333333,6.4
A682,20,11.45,12.28333333,6.4
A682,20,11.45,12.28333333,6.4
A682,20,8.62,16.46666667,6.4
A682,20,8.62,16.46666667,6.4
B103,22.825,9.775,13.57142857,6.3
B103,22.5,9.775,13.57142857,6.3
B103,22.825,9.775,16.66,6.3
B103,22.5,9.775,16.66,6.3
B104,25.82,19.25,14.11666667,4.1
B104,26.2,19.25,14.11666667,4.1
B104,26.2,11.36,14.11666667,4.1
B104,26.2,19.25,10.83333333,4.1
B104,25.82,19.25,10.83333333,4.1
B104,25.82,11.36,14.11666667,4.1
B104,26.2,11.36,10.83333333,4.1
B104,25.82,11.36,10.83333333,4.1
B105,24.7,27.8,14.48333333,4.9
B105,24.7,27.8,15.38571429,4.9
B105,24.7,9.4,15.38571429,4.9
B105,26.3,27.8,15.38571429,4.9
B105,26.3,9.4,15.38571429,4.9
B105,26.3,9.4,14.48333333,4.9
B105,26.3,27.8,14.48333333,4.9
B105,24.7,9.4,14.48333333,4.9
B109,23.4,13.96666667,14.77142857,5
B109,23.4,13.96666667,13.16666667,5
B109,23.4,6.8,14.77142857,5
B109,23.4,6.8,13.16666667,5
B109,25.23333333,13.96666667,13.16666667,5
B109,25.23333333,6.8,13.16666667,5
B109,25.23333333,6.8,14.77142857,5
B109,25.23333333,13.96666667,14.77142857,5
B164,22.35,10.4,15.96666667,4
B164,22.825,10.4,10.58333333,4
B164,22.35,11.775,10.58333333,4
B164,22.825,10.4,15.96666667,4
B164,22.35,11.775,15.96666667,4
B164,22.35,10.4,10.58333333,4
B164,22.825,11.775,10.58333333,4
B164,22.825,11.775,15.96666667,4
B37,,1,14.48333333,6.2
B37,22.9,1,13,6.2
B37,,1,13,6.2
B37,22.9,1,14.48333333,6.2
B46,,15.94,16.58571429,3.3
B46,20.6,15.94,16.58571429,3.3
B46,,15.94,14.8,3.3
B46,20.6,15.94,14.8,3.3
B73,23.8,6.7,12.26666667,3.6
B73,23.8,10.1,12.26666667,3.6
B73,27.1,6.7,12.26666667,3.6
B73,23.8,6.7,14.16666667,3.6
B73,27.1,10.1,14.16666667,3.6
B73,27.1,6.7,14.16666667,3.6
B73,23.8,10.1,14.16666667,3.6
B73,27.1,10.1,12.26666667,3.6
B75,23.66666667,19.66666667,12.61666667,6.3
B75,22.66666667,10.93333333,13.05,6.3
B75,22.66666667,19.66666667,13.05,6.3
B75,22.66666667,10.93333333,12.61666667,6.3
B75,23.66666667,10.93333333,12.61666667,6.3
B75,23.66666667,19.66666667,13.05,6.3
B75,23.66666667,10.93333333,13.05,6.3
B75,22.66666667,19.66666667,12.61666667,6.3
B76,27.7,12.8,9.516666667,6.9
B76,29.6,12.8,12.175,6.9
B76,27.7,19.2,9.516666667,6.9
B76,27.7,19.2,12.175,6.9
B76,29.6,12.8,9.516666667,6.9
B76,29.6,19.2,9.516666667,6.9
B76,29.6,19.2,12.175,6.9
B76,27.7,12.8,12.175,6.9
B77,19.5,12.375,14.86666667,4.6
B77,19.5,31.775,14.28333333,4.6
B77,21.975,31.775,14.28333333,4.6
B77,19.5,12.375,14.28333333,4.6
B77,21.975,12.375,14.86666667,4.6
B77,21.975,12.375,14.28333333,4.6
B77,21.975,31.775,14.86666667,4.6
B77,19.5,31.775,14.86666667,4.6
B97,23.08,12.9,12.56666667,6.3
B97,23.08,12.9,12.56666667,6.2
B97,23.75,12.9,11.73333333,6.3
B97,23.75,12.9,11.73333333,6.2
B97,23.08,10.675,11.73333333,6.3
B97,23.08,10.675,11.73333333,6.2
B97,23.08,10.675,12.56666667,6.3
B97,23.08,10.675,12.56666667,6.2
B97,23.75,12.9,12.56666667,6.3
B97,23.75,12.9,12.56666667,6.2
B97,23.08,12.9,11.73333333,6.3
B97,23.08,12.9,11.73333333,6.2
B97,23.75,10.675,11.73333333,6.3
B97,23.75,10.675,11.73333333,6.2
B97,23.75,10.675,12.56666667,6.3
B97,23.75,10.675,12.56666667,6.2
CH9,23.6,11.95,10.28333333,5.6
CH9,,11.95,10.28333333,5.6
CH9,23.6,11.95,11.575,5.6
CH9,,11.95,11.575,5.6
CM105,24.34,9.2,14.63333333,4.3
CM105,24.34,9.2,14.63333333,4.7
CM105,24.125,14.58,14.63333333,4.3
CM105,24.125,14.58,14.63333333,4.7
CM105,24.34,9.2,14.68333333,4.3
CM105,24.34,9.2,14.68333333,4.7
CM105,24.125,14.58,14.68333333,4.3
CM105,24.125,14.58,14.68333333,4.7
CM105,24.34,14.58,14.63333333,4.3
CM105,24.34,14.58,14.63333333,4.7
CM105,24.125,9.2,14.68333333,4.3
CM105,24.125,9.2,14.68333333,4.7
CM105,24.125,9.2,14.63333333,4.3
CM105,24.125,9.2,14.63333333,4.7
CM105,24.34,14.58,14.68333333,4.3
CM105,24.34,14.58,14.68333333,4.7
CM174,24.25,13.28,11.9,4.7
CM174,24.5,13.28,13.96666667,4.7
CM174,24.5,13.28,11.9,4.7
CM174,24.5,10.725,11.9,4.7
CM174,24.25,10.725,13.96666667,4.7
CM174,24.25,10.725,11.9,4.7
CM174,24.25,13.28,13.96666667,4.7
CM174,24.5,10.725,13.96666667,4.7
CM7,20.42857143,14.45714286,10.61428571,4.8
CM7,20.42857143,14.45714286,10.625,4.8
CM7,18.73333333,5.6,10.61428571,4.8
CM7,18.73333333,5.6,10.625,4.8
CM7,18.73333333,14.45714286,10.61428571,4.8
CM7,18.73333333,14.45714286,10.625,4.8
CM7,20.42857143,5.6,10.625,4.8
CM7,20.42857143,5.6,10.61428571,4.8
CML103,25.36666667,9.066666667,14.83333333,2.5
CML103,24.75,13.1,12.65,2.5
CML103,25.36666667,13.1,14.83333333,2.5
CML103,24.75,9.066666667,12.65,2.5
CML103,25.36666667,13.1,12.65,2.5
CML103,25.36666667,9.066666667,12.65,2.5
CML103,24.75,13.1,14.83333333,2.5
CML103,24.75,9.066666667,14.83333333,2.5
CML108,21.125,10.2,10.93333333,4.1
CML108,21.125,8.275,10.85,4.1
CML108,21.125,10.2,10.85,4.1
CML108,22.65,10.2,10.93333333,4.1
CML108,22.65,8.275,10.93333333,4.1
CML108,21.125,8.275,10.93333333,4.1
CML108,22.65,8.275,10.85,4.1
CML108,22.65,10.2,10.85,4.1
CML158Q,22,5.8,14.48333333,3.1
CML158Q,,5.8,14.48333333,3.1
CML218,25.1,6.4,11.86666667,2.6
CML218,25.1,13.8,12.21666667,2.6
CML218,25.1,6.4,12.21666667,2.6
CML218,25.1,13.8,11.86666667,2.6
CML218,22.95,6.4,12.21666667,2.6
CML218,22.95,13.8,11.86666667,2.6
CML218,22.95,6.4,11.86666667,2.6
CML218,22.95,13.8,12.21666667,2.6
CML220,26.25,17,10.31666667,5.2
CML220,29.5,17,10.58333333,5.2
CML220,29.5,15.8,10.58333333,5.2
CML220,29.5,15.8,10.31666667,5.2
CML220,29.5,17,10.31666667,5.2
CML220,26.25,15.8,10.58333333,5.2
CML220,26.25,17,10.58333333,5.2
CML220,26.25,15.8,10.31666667,5.2
CML323,27.2,22.2,12.56666667,5
CML323,27.2,22.2,12.56666667,4.5
CML323,,22.2,13.05,5
CML323,,22.2,13.05,4.5
CML323,27.2,22.2,13.05,5
CML323,27.2,22.2,13.05,4.5
CML323,,22.2,12.56666667,5
CML323,,22.2,12.56666667,4.5
CMV3,,6.266666667,10.45,3.8
CMV3,22.33333333,6.266666667,10.45,3.8
CMV3,,6.266666667,9.642857143,3.8
CMV3,22.33333333,6.266666667,9.642857143,3.8
CO106,23.4,14.1,11.6,3.6
CO106,24.15,9.65,10.26666667,3.6
CO106,24.15,9.65,11.6,3.6
CO106,23.4,14.1,10.26666667,3.6
CO106,24.15,14.1,10.26666667,3.6
CO106,23.4,9.65,11.6,3.6
CO106,24.15,14.1,11.6,3.6
CO106,23.4,9.65,10.26666667,3.6
DE1,28.625,15,11.15,3.6
DE1,28.625,15,9.614285714,3.6
DE1,29.9,16.5,9.614285714,3.6
DE1,29.9,15,11.15,3.6
DE1,28.625,16.5,9.614285714,3.6
DE1,28.625,16.5,11.15,3.6
DE1,29.9,15,9.614285714,3.6
DE1,29.9,16.5,11.15,3.6
DE2,25.02,9.78,13.66666667,4.5
DE2,25.02,9.78,13.66666667,4.6
DE2,25.02,9.78,13.13333333,4.5
DE2,25.02,9.78,13.13333333,4.6
DE2,,9.78,13.13333333,4.5
DE2,,9.78,13.13333333,4.6
DE2,,9.78,13.66666667,4.5
DE2,,9.78,13.66666667,4.6
DE811,23,14.8,12.4,4.1
DE811,23.2,23.3,11.93333333,4.1
DE811,23.2,14.8,12.4,4.1
DE811,23,23.3,12.4,4.1
DE811,23,14.8,11.93333333,4.1
DE811,23.2,14.8,11.93333333,4.1
DE811,23,23.3,11.93333333,4.1
DE811,23.2,23.3,12.4,4.1
EP1,24.5,3.7,10.8,3.9
EP1,21.08,3.7,10.8,3.9
EP1,24.5,3.7,9.166666667,3.9
EP1,21.08,4.64,10.8,3.9
EP1,21.08,4.64,9.166666667,3.9
EP1,21.08,3.7,9.166666667,3.9
EP1,24.5,4.64,9.166666667,3.9
EP1,24.5,4.64,10.8,3.9
F7,17.26,4.26,12.33333333,3.1
F7,20.93333333,4.26,12.33333333,3.1
F7,17.26,4.26,12.55,3.1
F7,20.93333333,6.9,12.55,3.1
F7,17.26,6.9,12.33333333,3.1
F7,20.93333333,4.26,12.55,3.1
F7,20.93333333,6.9,12.33333333,3.1
F7,17.26,6.9,12.55,3.1
H100,23.3,11.76666667,10.48333333,5.6
H100,23.3,12.8,15.2,5.6
H100,24.8,12.8,15.2,5.6
H100,23.3,12.8,10.48333333,5.6
H100,24.8,11.76666667,15.2,5.6
H100,23.3,11.76666667,15.2,5.6
H100,24.8,12.8,10.48333333,5.6
H100,24.8,11.76666667,10.48333333,5.6
H95,23.3,10.35,10.8,3.3
H95,,10.35,13.8,3.3
H95,23.3,10.35,13.8,3.3
H95,,10.35,10.8,3.3
HP301,16.35,5.2,11.88571429,2.2
HP301,20.25,5.2,11.88571429,2.2
HP301,20.25,8.35,11.88571429,2.2
HP301,16.35,8.35,11.88571429,2.2
Il14H,,12.63333333,10.1875,5.5
Il14H,22,12.63333333,10.1875,5.5
Il14H,22,12.63333333,10.91666667,5.5
Il14H,,12.63333333,10.91666667,5.5
Il677a,27.5,14.2,12.11666667,4.7
Il677a,27.5,14.2,12.11666667,4.8
Il677a,31,10.3,12.11666667,4.7
Il677a,31,10.3,12.11666667,4.8
Il677a,27.5,10.3,13.45,4.7
Il677a,27.5,10.3,13.45,4.8
Il677a,27.5,14.2,13.45,4.7
Il677a,27.5,14.2,13.45,4.8
Il677a,31,14.2,13.45,4.7
Il677a,31,14.2,13.45,4.8
Il677a,27.5,10.3,12.11666667,4.7
Il677a,27.5,10.3,12.11666667,4.8
Il677a,31,10.3,13.45,4.7
Il677a,31,10.3,13.45,4.8
Il677a,31,14.2,12.11666667,4.7
Il677a,31,14.2,12.11666667,4.8
Ill.Hy,27.4,13.6,11.95,6.2
Ill.Hy,21,12.4,11.95,6.2
Ill.Hy,27.4,13.6,11.95,6.2
Ill.Hy,21,13.6,11.95,6.2
Ill.Hy,21,12.4,11.95,6.2
Ill.Hy,21,13.6,11.95,6.2
Ill.Hy,27.4,12.4,11.95,6.2
Ill.Hy,27.4,12.4,11.95,6.2
K4,,10.1,7.583333333,3.6
K4,21.8,10.1,7.583333333,3.6
K4,,10.1,16.33333333,3.6
K4,21.8,10.1,16.33333333,3.6
K55,22.5,12.6,12.96666667,4.4
K55,22.5,12.6,12.96666667,4.4
K55,22.5,17.23333333,12.96666667,4.4
K55,22.5,17.23333333,12.96666667,4.4
K55,28.63333333,12.6,12.96666667,4.4
K55,28.63333333,12.6,12.96666667,4.4
K55,28.63333333,17.23333333,12.96666667,4.4
K55,28.63333333,17.23333333,12.96666667,4.4
M14,21.25,11.625,11.4,5.4
M14,21.25,1.5,16.55,5.4
M14,21.25,1.5,11.4,5.4
M14,18.7,1.5,11.4,5.4
M14,18.7,1.5,16.55,5.4
M14,18.7,11.625,16.55,5.4
M14,18.7,11.625,11.4,5.4
M14,21.25,11.625,16.55,5.4
M37W,24.15,19.7,15.3,5.6
M37W,24.15,19.7,13.56666667,5.6
M37W,25,11.15,13.56666667,5.6
M37W,24.15,11.15,15.3,5.6
M37W,25,19.7,15.3,5.6
M37W,25,11.15,15.3,5.6
M37W,24.15,11.15,13.56666667,5.6
M37W,25,19.7,13.56666667,5.6
Mo17,,8.1,14.1,6.3
Mo17,,8.1,14.1,5.5
Mo17,19.775,8.1,14.1,6.3
Mo17,19.775,8.1,14.1,5.5
Mo17,,8.1,17.75,6.3
Mo17,,8.1,17.75,5.5
Mo17,19.775,8.1,17.75,6.3
Mo17,19.775,8.1,17.75,5.5
Mo45,22.175,19.05,16.83333333,3.6
Mo45,24.55,13.15,15,3.6
Mo45,24.55,13.15,16.83333333,3.6
Mo45,24.55,19.05,16.83333333,3.6
Mo45,22.175,13.15,16.83333333,3.6
Mo45,22.175,19.05,15,3.6
Mo45,22.175,13.15,15,3.6
Mo45,24.55,19.05,15,3.6
Mo47,23.36666667,13.9,11.16666667,4.2
Mo47,23.36666667,13.9,11.16666667,4.3
Mo47,,13.9,11.16666667,4.2
Mo47,,13.9,11.16666667,4.3
Mo47,,13.9,11.28333333,4.2
Mo47,,13.9,11.28333333,4.3
Mo47,23.36666667,13.9,11.28333333,4.2
Mo47,23.36666667,13.9,11.28333333,4.3
MS1334,20.42,15.075,10.76666667,4
MS1334,20.42,8.66,12.9,4
MS1334,20.42,8.66,10.76666667,4
MS1334,24.325,15.075,12.9,4
MS1334,24.325,8.66,12.9,4
MS1334,20.42,15.075,12.9,4
MS1334,24.325,15.075,10.76666667,4
MS1334,24.325,8.66,10.76666667,4
MS153,24.93333333,32.86666667,11.23333333,5.3
MS153,23.8,32.86666667,12.5,5.3
MS153,23.8,7.2,12.5,5.3
MS153,23.8,32.86666667,11.23333333,5.3
MS153,24.93333333,7.2,12.5,5.3
MS153,24.93333333,32.86666667,12.5,5.3
MS153,24.93333333,7.2,11.23333333,5.3
MS153,23.8,7.2,11.23333333,5.3
Mt42,22.4,8.7,11.2,3.7
Mt42,21.1,8.7,10.1,3.7
Mt42,21.1,8.7,11.2,3.7
Mt42,21.1,8.56,11.2,3.7
Mt42,22.4,8.56,11.2,3.7
Mt42,21.1,8.56,10.1,3.7
Mt42,22.4,8.56,10.1,3.7
Mt42,22.4,8.7,10.1,3.7
N192,23.93333333,9.533333333,17.65,5.1
N192,24.2,14.7,17.65,5.1
N192,23.93333333,14.7,16.95,5.1
N192,24.2,9.533333333,17.65,5.1
N192,24.2,14.7,16.95,5.1
N192,23.93333333,14.7,17.65,5.1
N192,24.2,9.533333333,16.95,5.1
N192,23.93333333,9.533333333,16.95,5.1
N6,23.4,3.4,12.71666667,4.3
N6,23.4,3.4,10.45,4.3
N6,23.4,7.9,10.45,4.3
N6,24.9,3.4,10.45,4.3
N6,23.4,7.9,12.71666667,4.3
N6,24.9,3.4,12.71666667,4.3
N6,24.9,7.9,10.45,4.3
N6,24.9,7.9,12.71666667,4.3
NC230,24.55,25,9.683333333,4.8
NC230,,25,9.683333333,4.8
NC230,24.55,25,9.983333333,4.8
NC230,,25,9.983333333,4.8
NC250,22.56666667,9.7,11.13333333,5.5
NC250,22.56666667,15.83333333,11.13333333,5.5
NC250,24.05,9.7,11.13333333,5.5
NC250,24.05,15.83333333,11.13333333,5.5
NC258,,17.8,11.03333333,4.6
NC258,,17.8,11.03333333,4.7
NC258,26.375,17.8,9.583333333,4.6
NC258,26.375,17.8,9.583333333,4.7
NC258,,17.8,9.583333333,4.6
NC258,,17.8,9.583333333,4.7
NC258,26.375,17.8,11.03333333,4.6
NC258,26.375,17.8,11.03333333,4.7
NC262,22.36666667,10,11.98333333,6.2
NC262,22.36666667,10,11.48333333,6.2
NC262,26,10,11.48333333,6.2
NC262,26,10,11.98333333,6.2
NC268,20.3,8.6,13.46,5
NC268,20.58,11.5,13.46,5
NC268,20.58,11.5,14.05,5
NC268,20.3,11.5,14.05,5
NC268,20.3,8.6,14.05,5
NC268,20.58,8.6,13.46,5
NC268,20.3,11.5,13.46,5
NC268,20.58,8.6,14.05,5
NC294,18.3,8.466666667,12.96666667,4.5
NC294,18.3,7.3,12.96666667,4.5
NC294,18.3,7.3,11.71666667,4.5
NC294,18.3,8.466666667,11.71666667,4.5
NC294,22.86666667,7.3,11.71666667,4.5
NC294,22.86666667,7.3,12.96666667,4.5
NC294,22.86666667,8.466666667,11.71666667,4.5
NC294,22.86666667,8.466666667,12.96666667,4.5
NC296,19,4,13.98333333,4.2
NC296,19,4,13.98333333,3.5
NC296,18.2,4,11.96666667,4.2
NC296,18.2,4,11.96666667,3.5
NC296,18.2,4,13.98333333,4.2
NC296,18.2,4,13.98333333,3.5
NC296,19,1.8,13.98333333,4.2
NC296,19,1.8,13.98333333,3.5
NC296,19,4,11.96666667,4.2
NC296,19,4,11.96666667,3.5
NC296,19,1.8,11.96666667,4.2
NC296,19,1.8,11.96666667,3.5
NC296,18.2,1.8,11.96666667,4.2
NC296,18.2,1.8,11.96666667,3.5
NC296,18.2,1.8,13.98333333,4.2
NC296,18.2,1.8,13.98333333,3.5
NC298,20.15,10.25,18.43333333,5.6
NC298,20.55,10.25,18.43333333,5.6
NC298,20.55,16.2,18.43333333,5.6
NC298,20.15,16.2,18.43333333,5.6
NC302,22.63333333,10.2,13.08333333,5.8
NC302,22.63333333,10.2,13.08333333,6.2
NC302,22.63333333,10.2,11.13333333,5.8
NC302,22.63333333,10.2,11.13333333,6.2
NC302,,10.2,11.13333333,5.8
NC302,,10.2,11.13333333,6.2
NC302,,10.2,13.08333333,5.8
NC302,,10.2,13.08333333,6.2
NC306,19.15,5.55,12.96666667,5.4
NC306,20.7,5.55,12.46666667,5.4
NC306,19.15,5.55,12.46666667,5.4
NC306,20.7,1.3,12.46666667,5.4
NC306,19.15,1.3,12.46666667,5.4
NC306,20.7,5.55,12.96666667,5.4
NC306,19.15,1.3,12.96666667,5.4
NC306,20.7,1.3,12.96666667,5.4
NC308,,9.625,12.61666667,6
NC308,,9.625,12.61666667,5.4
NC308,22.15,9.625,13.68333333,6
NC308,22.15,9.625,13.68333333,5.4
NC308,,9.625,13.68333333,6
NC308,,9.625,13.68333333,5.4
NC308,22.15,9.625,12.61666667,6
NC308,22.15,9.625,12.61666667,5.4
NC312,26.3,12.6,14.06666667,6.2
NC312,26.3,12.6,14.06666667,4.8
NC312,,12.6,14.06666667,6.2
NC312,,12.6,14.06666667,4.8
NC312,26.3,12.6,13.2,6.2
NC312,26.3,12.6,13.2,4.8
NC312,,12.6,13.2,6.2
NC312,,12.6,13.2,4.8
NC318,16.92,5.58,12.11666667,4
NC318,16.92,5.58,12.11666667,3.1
NC318,16.675,6.775,12.11666667,4
NC318,16.675,6.775,12.11666667,3.1
NC318,16.675,5.58,11.05,4
NC318,16.675,5.58,11.05,3.1
NC318,16.92,6.775,12.11666667,4
NC318,16.92,6.775,12.11666667,3.1
NC318,16.92,5.58,11.05,4
NC318,16.92,5.58,11.05,3.1
NC318,16.675,6.775,11.05,4
NC318,16.675,6.775,11.05,3.1
NC318,16.675,5.58,12.11666667,4
NC318,16.675,5.58,12.11666667,3.1
NC318,16.92,6.775,11.05,4
NC318,16.92,6.775,11.05,3.1
NC320,,7.475,13.45,4.5
NC320,,7.475,9.383333333,4.5
NC320,21.125,7.475,13.45,4.5
NC320,21.125,7.475,9.383333333,4.5
NC324,21.3,8.2,11.51428571,5
NC324,21.3,8.2,11.51428571,4.9
NC324,21.3,8.2,12.7,5
NC324,21.3,8.2,12.7,4.9
NC324,22.4,8.2,12.7,5
NC324,22.4,8.2,12.7,4.9
NC324,21.3,11,11.51428571,5
NC324,21.3,11,11.51428571,4.9
NC324,22.4,11,11.51428571,5
NC324,22.4,11,11.51428571,4.9
NC324,22.4,11,12.7,5
NC324,22.4,11,12.7,4.9
NC324,21.3,11,12.7,5
NC324,21.3,11,12.7,4.9
NC324,22.4,8.2,11.51428571,5
NC324,22.4,8.2,11.51428571,4.9
NC326,29.7,20.8,14.88333333,4.4
NC326,29.7,20.8,14.38333333,4.4
NC326,25.75,20.8,14.88333333,4.4
NC326,25.75,20.8,14.38333333,4.4
NC328,22.9,12.76666667,12.76666667,4.3
NC328,22.9,12.76666667,12.76666667,4.4
NC328,22.9,6.15,12.76666667,4.3
NC328,22.9,6.15,12.76666667,4.4
NC328,22.9,6.15,13.48333333,4.3
NC328,22.9,6.15,13.48333333,4.4
NC328,24.83333333,6.15,13.48333333,4.3
NC328,24.83333333,6.15,13.48333333,4.4
NC328,22.9,12.76666667,13.48333333,4.3
NC328,22.9,12.76666667,13.48333333,4.4
NC328,24.83333333,6.15,12.76666667,4.3
NC328,24.83333333,6.15,12.76666667,4.4
NC328,24.83333333,12.76666667,13.48333333,4.3
NC328,24.83333333,12.76666667,13.48333333,4.4
NC328,24.83333333,12.76666667,12.76666667,4.3
NC328,24.83333333,12.76666667,12.76666667,4.4
NC332,17.325,6,13.15,3.9
NC332,16.4,5.9,14.1,3.9
NC332,16.4,6,13.15,3.9
NC332,17.325,6,14.1,3.9
NC332,16.4,6,14.1,3.9
NC332,16.4,5.9,13.15,3.9
NC332,17.325,5.9,14.1,3.9
NC332,17.325,5.9,13.15,3.9
NC334,19.1,8.45,11.56666667,3.9
NC334,19.1,8.45,11.56666667,4.5
NC334,17.2,6.866666667,13.2,3.9
NC334,17.2,6.866666667,13.2,4.5
NC334,17.2,8.45,11.56666667,3.9
NC334,17.2,8.45,11.56666667,4.5
NC334,19.1,8.45,13.2,3.9
NC334,19.1,8.45,13.2,4.5
NC334,19.1,6.866666667,13.2,3.9
NC334,19.1,6.866666667,13.2,4.5
NC334,17.2,8.45,13.2,3.9
NC334,17.2,8.45,13.2,4.5
NC334,17.2,6.866666667,11.56666667,3.9
NC334,17.2,6.866666667,11.56666667,4.5
NC334,19.1,6.866666667,11.56666667,3.9
NC334,19.1,6.866666667,11.56666667,4.5
NC340,,15.1,14.03333333,7.1
NC340,25.7,15.1,14.03333333,7.1
NC344,22.75,9.2,12.1,5
NC344,22.75,9.2,12.1,4
NC344,19.9,12.775,12.1,5
NC344,19.9,12.775,12.1,4
NC344,19.9,9.2,12.1,5
NC344,19.9,9.2,12.1,4
NC344,22.75,12.775,12.1,5
NC344,22.75,12.775,12.1,4
NC348,22.66,9.825,11.55,3.9
NC348,19.725,9.825,11.55,3.9
NC348,19.725,12.58,11.55,3.9
NC348,19.725,9.825,12.28333333,3.9
NC348,22.66,9.825,12.28333333,3.9
NC348,22.66,12.58,11.55,3.9
NC348,19.725,12.58,12.28333333,3.9
NC348,22.66,12.58,12.28333333,3.9
NC358,21.5,11.05,12.01666667,3.6
NC358,21.5,16.1,11.98333333,3.6
NC358,21.5,11.05,11.98333333,3.6
NC358,23.2,11.05,12.01666667,3.6
NC358,23.2,11.05,11.98333333,3.6
NC358,21.5,16.1,12.01666667,3.6
NC358,23.2,16.1,11.98333333,3.6
NC358,23.2,16.1,12.01666667,3.6
NC360,20.75,28.7,13.81666667,4.7
NC360,20.75,28.7,13.81666667,5.1
NC360,20.94,28.7,13.81666667,4.7
NC360,20.94,28.7,13.81666667,5.1
NC360,20.75,8,12.7,4.7
NC360,20.75,8,12.7,5.1
NC360,20.94,28.7,12.7,4.7
NC360,20.94,28.7,12.7,5.1
NC360,20.75,28.7,12.7,4.7
NC360,20.75,28.7,12.7,5.1
NC360,20.75,8,13.81666667,4.7
NC360,20.75,8,13.81666667,5.1
NC360,20.94,8,13.81666667,4.7
NC360,20.94,8,13.81666667,5.1
NC360,20.94,8,12.7,4.7
NC360,20.94,8,12.7,5.1
NC364,23.76666667,13.95,10.21666667,4.3
NC364,23.76666667,8.066666667,8.866666667,4.3
NC364,23.76666667,8.066666667,10.21666667,4.3
NC364,23.76666667,13.95,8.866666667,4.3
NC364,25.15,13.95,8.866666667,4.3
NC364,25.15,8.066666667,8.866666667,4.3
NC364,25.15,13.95,10.21666667,4.3
NC364,25.15,8.066666667,10.21666667,4.3
NC366,22.5,13.5,12.58,3.7
NC366,,13.5,12.58,3.7
NC366,22.5,13.5,11.8,3.7
NC366,,13.5,11.8,3.7
NC368,28.15,13.1,10.3,6.7
NC368,28.15,13.1,10.3,6.8
NC368,24.9,7.6,10.3,6.7
NC368,24.9,7.6,10.3,6.8
NC368,24.9,7.6,11.2,6.7
NC368,24.9,7.6,11.2,6.8
NC368,28.15,7.6,11.2,6.7
NC368,28.15,7.6,11.2,6.8
NC368,28.15,7.6,10.3,6.7
NC368,28.15,7.6,10.3,6.8
NC368,24.9,13.1,11.2,6.7
NC368,24.9,13.1,11.2,6.8
NC368,28.15,13.1,11.2,6.7
NC368,28.15,13.1,11.2,6.8
NC368,24.9,13.1,10.3,6.7
NC368,24.9,13.1,10.3,6.8
NC372,24.925,7.45,13.21666667,3.8
NC372,21.35,11.75,12.65,3.8
NC372,21.35,11.75,13.21666667,3.8
NC372,24.925,11.75,12.65,3.8
NC372,24.925,11.75,13.21666667,3.8
NC372,24.925,7.45,12.65,3.8
NC372,21.35,7.45,12.65,3.8
NC372,21.35,7.45,13.21666667,3.8
ND246,18.95,12.925,12.57777778,3.6
ND246,18.95,12.925,12.57777778,3.5
ND246,18.95,12.925,14.13333333,3.6
ND246,18.95,12.925,14.13333333,3.5
ND246,18.95,9.225,12.57777778,3.6
ND246,18.95,9.225,12.57777778,3.5
ND246,18.925,12.925,12.57777778,3.6
ND246,18.925,12.925,12.57777778,3.5
ND246,18.925,9.225,12.57777778,3.6
ND246,18.925,9.225,12.57777778,3.5
ND246,18.925,9.225,14.13333333,3.6
ND246,18.925,9.225,14.13333333,3.5
ND246,18.925,12.925,14.13333333,3.6
ND246,18.925,12.925,14.13333333,3.5
ND246,18.95,9.225,14.13333333,3.6
ND246,18.95,9.225,14.13333333,3.5
Oh43,,9.566666667,17.63333333,4
Oh43,,9.566666667,17.63333333,4.4
Oh43,24.56666667,9.566666667,14.73333333,4
Oh43,24.56666667,9.566666667,14.73333333,4.4
Oh43,24.56666667,9.566666667,17.63333333,4
Oh43,24.56666667,9.566666667,17.63333333,4.4
Oh43,,9.566666667,14.73333333,4
Oh43,,9.566666667,14.73333333,4.4
Oh43E,,5.725,11.33333333,4.8
Oh43E,21.75,5.725,11.33333333,4.8
Oh43E,21.75,5.725,10.43333333,4.8
Oh43E,,5.725,10.43333333,4.8
Oh603,22,7,13.38333333,5.7
Oh603,22,8.5,13.38333333,5.7
Oh603,22,8.5,13.06666667,5.7
Oh603,22,7,13.06666667,5.7
Oh603,20.7,7,13.06666667,5.7
Oh603,20.7,8.5,13.06666667,5.7
Oh603,20.7,7,13.38333333,5.7
Oh603,20.7,8.5,13.38333333,5.7
Pa762,25.1,15.225,12.375,5.3
Pa762,25.1,15.225,11.93333333,5.3
Pa762,24,15.225,11.93333333,5.3
Pa762,24,15.225,12.375,5.3
Pa875,19.025,9.525,13.26666667,2.8
Pa875,19.025,9.525,13.26666667,3.2
Pa875,20.6,6,13.26666667,2.8
Pa875,20.6,6,13.26666667,3.2
Pa875,20.6,9.525,13.26666667,2.8
Pa875,20.6,9.525,13.26666667,3.2
Pa875,19.025,6,13.26666667,2.8
Pa875,19.025,6,13.26666667,3.2
Pa880,26.5,15.8,10.33333333,4.5
Pa880,26.6,13.6,12.13333333,4.5
Pa880,26.5,13.6,10.33333333,4.5
Pa880,26.5,13.6,12.13333333,4.5
Pa880,26.6,13.6,10.33333333,4.5
Pa880,26.6,15.8,12.13333333,4.5
Pa880,26.5,15.8,12.13333333,4.5
Pa880,26.6,15.8,10.33333333,4.5
Pa91,24.8,14.8,13.28333333,5.4
Pa91,21.7,12,11.42,5.4
Pa91,21.7,14.8,11.42,5.4
Pa91,24.8,12,13.28333333,5.4
Pa91,21.7,14.8,13.28333333,5.4
Pa91,21.7,12,13.28333333,5.4
Pa91,24.8,14.8,11.42,5.4
Pa91,24.8,12,11.42,5.4
R229,24,9.05,12.33333333,3.8
R229,24,9.05,12.33333333,3.5
R229,21.5,8.475,12.33333333,3.8
R229,21.5,8.475,12.33333333,3.5
R229,21.5,8.475,9.383333333,3.8
R229,21.5,8.475,9.383333333,3.5
R229,21.5,9.05,12.33333333,3.8
R229,21.5,9.05,12.33333333,3.5
R229,24,8.475,12.33333333,3.8
R229,24,8.475,12.33333333,3.5
R229,24,8.475,9.383333333,3.8
R229,24,8.475,9.383333333,3.5
R229,21.5,9.05,9.383333333,3.8
R229,21.5,9.05,9.383333333,3.5
R229,24,9.05,9.383333333,3.8
R229,24,9.05,9.383333333,3.5
SC357,,12.6,10.64,3.7
SC357,19.8,12.6,10.64,3.7
SD40,21.525,8.166666667,15.06,5.7
SD40,21.9,8.25,11.66666667,5.7
SD40,21.9,8.166666667,15.06,5.7
SD40,21.525,8.25,15.06,5.7
SD40,21.9,8.25,15.06,5.7
SD40,21.525,8.166666667,11.66666667,5.7
SD40,21.9,8.166666667,11.66666667,5.7
SD40,21.525,8.25,11.66666667,5.7
T232,21.65,14.45,13.03333333,7.2
T232,21.65,8.133333333,9.783333333,7.2
T232,21.65,8.133333333,13.03333333,7.2
T232,21.1,8.133333333,13.03333333,7.2
T232,21.1,14.45,13.03333333,7.2
T232,21.1,8.133333333,9.783333333,7.2
T232,21.65,14.45,9.783333333,7.2
T232,21.1,14.45,9.783333333,7.2
T8,24,8.95,10.18333333,4.8
T8,24,8.95,12.03333333,4.8
T8,21.9,20.4,12.03333333,4.8
T8,21.9,20.4,10.18333333,4.8
T8,24,20.4,10.18333333,4.8
T8,24,20.4,12.03333333,4.8
T8,21.9,8.95,12.03333333,4.8
T8,21.9,8.95,10.18333333,4.8
Tzi11,23.45,6.7,10.18333333,4.5
Tzi11,23.45,6.7,11.86666667,4.5
Tzi11,,6.7,10.18333333,4.5
Tzi11,,6.7,11.86666667,4.5
Tzi25,,13.8,13.26666667,5.1
Tzi25,,13.8,13.26666667,4.1
Tzi25,22.875,13.8,13.26666667,5.1
Tzi25,22.875,13.8,13.26666667,4.1
Tzi25,22.875,13.8,13.28333333,5.1
Tzi25,22.875,13.8,13.28333333,4.1
Tzi25,,13.8,13.28333333,5.1
Tzi25,,13.8,13.28333333,4.1
Tzi9,,6.066666667,10.23333333,4.1
Tzi9,21.8,6.066666667,10.23333333,4.1
Va102,18.95,4.4,12.58333333,5.3
Va102,22.76666667,4.4,12.58333333,5.3
Va102,22.76666667,9.366666667,12.58333333,5.3
Va102,18.95,9.366666667,14.11666667,5.3
Va102,22.76666667,9.366666667,14.11666667,5.3
Va102,18.95,4.4,14.11666667,5.3
Va102,22.76666667,4.4,14.11666667,5.3
Va102,18.95,9.366666667,12.58333333,5.3
Va22,19,14.375,17.8,3.8
Va22,19,10.2,14.43333333,3.8
Va22,19,10.2,17.8,3.8
Va22,19,14.375,14.43333333,3.8
Va22,21.25,10.2,17.8,3.8
Va22,21.25,14.375,14.43333333,3.8
Va22,21.25,10.2,14.43333333,3.8
Va22,21.25,14.375,17.8,3.8
Va26,,12.5,10.61666667,5.8
Va26,,12.5,10.5,5.8
Va26,20.9,12.5,10.61666667,5.8
Va26,20.9,12.5,10.5,5.8
Va99,21,9.9,14.11666667,5.6
Va99,21,9.9,12.08333333,5.6
Va99,20.36,9.9,14.11666667,5.6
Va99,20.36,9.9,12.08333333,5.6
Va99,20.36,9.04,14.11666667,5.6
Va99,21,9.04,12.08333333,5.6
Va99,20.36,9.04,12.08333333,5.6
Va99,21,9.04,14.11666667,5.6
W22,,10.2,13.28571429,4.7
W22,,10.2,13.28571429,4.1
W22,,10.2,11.66666667,4.7
W22,,10.2,11.66666667,4.1
W22,22.45,10.2,13.28571429,4.7
W22,22.45,10.2,13.28571429,4.1
W22,22.45,10.2,11.66666667,4.7
W22,22.45,10.2,11.66666667,4.1
W64A,25.22,12.14,10.76666667,3.9
W64A,25.22,12.14,10.76666667,3.8
W64A,25.22,12.14,11.7,3.9
W64A,25.22,12.14,11.7,3.8
W64A,25.22,13.025,10.76666667,3.9
W64A,25.22,13.025,10.76666667,3.8
W64A,26,13.025,11.7,3.9
W64A,26,13.025,11.7,3.8
W64A,25.22,13.025,11.7,3.9
W64A,25.22,13.025,11.7,3.8
W64A,26,12.14,10.76666667,3.9
W64A,26,12.14,10.76666667,3.8
W64A,26,12.14,11.7,3.9
W64A,26,12.14,11.7,3.8
W64A,26,13.025,10.76666667,3.9
W64A,26,13.025,10.76666667,3.8