Row.number.in.field,Row.number,Pedigree,Genotype,Number.of.ears ,Ear.weight (total),Cob.length.1,Cob.length.2,Cob.length.3,Cob.length.4,Cob.length.5,Cob.length.6,Cob.length.7,Cob.length.8,Cob.length.9,Average.cob.length,Average.total.ear.weight,Ear width 1,Ear width 2,Ear width 3,Ear width 4,Ear width 5,Ear width 6,Ear width 7,Ear width 8
3209-3210,3209,Ames 27085,CML158Q,6,374.1,17.4,16.3,14.2,15.3,12.3,11.4,,,,14.48333333,62.35,34.8,40.1,37.2,35.9,35.5,33.6,,
3211-3212,3211,check,check,6,724.6,17.9,14,13.2,13,11.4,16.1,,,,14.26666667,120.7666667,40.9,38.8,38.7,38.5,41.9,39.6,,
3205-3206,3205,Ames 27096,CML322,6,275.7,15.8,10,10.2,7,8.3,10.4,,,,10.28333333,45.95,37.4,36.7,36.9,33.4,36.3,36.6,,
3215-3216,3215,Ames 27170,NC348,6,135.4,11.6,11.7,12.5,12.4,11.7,9.4,,,,11.55,22.56666667,27.9,25.2,23,22.7,24.7,27.4,,
3213-3214,3213,Ames 27086,CML218,6,166.3,14.2,12.5,10.7,11.6,11.7,10.5,,,,11.86666667,27.71666667,30.4,29.1,28,31.2,26.8,20.6,,
3203-3204,3203,check,check,6,836.5,12.7,11.5,16.5,17.2,17.9,13.4,,,,14.86666667,139.4166667,40.5,39.6,41.5,46,43.8,42.2,,
3217-3218,3217,PI 531084,NC258,6,385.5,11.5,9.8,10.6,11.6,11.8,10.9,,,,11.03333333,64.25,39,35.5,37.9,37.8,40.5,34.9,,
3201-3202,3201,PI 587130,4722,4,27.9,9.2,6.1,10.4,7.4,,,,,,8.275,6.975,16.6,14.7,19.1,22.3,,,,
3219-3220,3219,Ames 27144,NC296,6,239.1,11.4,13.9,12.8,11.8,11.9,10,,,,11.96666667,39.85,32.8,32.8,32.7,32.8,30.3,32.2,,
3235-3236,3235,Ames 27189,SC55,8,157.8,8.4,11.4,7.4,7,7.1,11.2,7.4,7.2,,8.3875,19.725,29.2,35.7,22.3,22.4,20.3,39.9,26.5,29
3221-3222,3221,NSL 30038,K4,6,94.4,13.4,7.5,4,6.9,6.7,7,,,,7.583333333,15.73333333,26.6,20.1,18.7,13.8,31.3,27,,
3233-3234,3233,PI 506247,Tzi9,6,375.9,13.5,9.5,10.2,10.8,9,8.4,,,,10.23333333,62.65,40.9,37,38.2,38.2,36,34.9,,
3223-3224,3223,PI 587144,Mo24W,6,405.9,11.2,13.7,16,17.1,12.8,12.3,,,,13.85,67.65,40.4,35.9,40.1,40.8,37.4,43.8,,
3229-3230,3229,Ames 27131,Ky226,6,394.2,10.9,11,12.3,9.4,11.4,8,,,,10.5,65.7,35.8,39,39.2,38.6,37.3,36,,
3225-3226,3225,Ames 27110,E2558W,8,711.2,17,16.1,15.6,13.1,13.3,14.3,13.3,12.8,,14.4375,88.9,36.4,35.3,45.9,31.5,29.3,34,43.1,28
3231-3232,3231,check,check,6,808,16,10.3,15.3,12.2,13.2,16.9,,,,13.98333333,134.6666667,43.2,40.8,43.6,44.3,42.9,42.2,,
3227-3228,3227,Ames 12729,NC222,6,240.8,10.8,6.2,11.5,9.1,9.5,5.3,,,,8.733333333,40.13333333,36.5,33.2,34.9,33.1,33.7,32.9,,
4423-4424,4423,NSL 30038,K4,6,358.4,14.1,13.2,17.2,14,12.4,13.3,,,,14.03333333,59.73333333,32.9,30.9,34.6,31,28.5,26.8,,
4421-4422,4421,Ames 27165,NC338,6,859.3,16.1,14.2,14.4,15,13.7,14.8,,,,14.7,143.2166667,41.9,48,44.3,45.2,45.1,43.8,,
4425-4426,4425,NSL 22893,F44,8,299.1,8.3,10.9,11.9,11.3,8.8,10,9.2,10,,10.05,37.3875,26.3,30.2,31.4,30.4,31.2,31.1,27.3,30.2
4417-4418,4417,Ames 28184,CML69,6,752.3,16.3,17.5,20.1,15.7,17.8,16.9,,,,17.38333333,125.3833333,37.6,36.1,40.6,33.3,37,36.6,,
4411-4412,4411,Ames 27086,CML218,6,269.7,12,11.9,10.9,11.8,12.4,11.9,,,,11.81666667,44.95,32.1,28.2,27.7,29.4,32.4,31.2,,
4407-4408,4407,check,check,6,1156.6,16.4,18.7,19.8,20,16.3,12.9,,,,17.35,192.7666667,43.2,43.1,44.8,46.3,44.3,42.2,,
4409-4410,4409,check,check,6,1119.1,16.1,17.6,17.2,18.9,18.8,15.7,,,,17.38333333,186.5166667,42.3,44.1,45,43,42,41.2,,
4413-4414,4413,check,check,6,1346.5,18.6,17.2,19.2,18.8,20.2,20.6,,,,19.1,224.4166667,45,42,45,44,46,44,,
3237-3238,3237,PI 540745,Tzi11,6,176.5,7.8,10.9,12,12.6,9.8,8,,,,10.18333333,29.41666667,32.5,33.5,29,30,30,31,,
3373-3374,3373,Ames 28290,C49,4,16.2,9.8,5,7.6,7.7,,,,,,7.525,4.05,21,21,19,24,,,,
3377-3378,3377,check,check,6,811.7,12,19.5,13.3,16.3,9.1,13.2,,,,13.9,135.2833333,41,46,39,41,41,42,,
3383-3384,3383,PI 550518,T8,6,222.2,8.6,11.2,9.2,12.7,10.4,9,,,,10.18333333,37.03333333,25,29,28,30,26,30,,
3381-3382,3381,Ames 27196,Yu796_NS,6,265.3,10.6,9.5,8.8,9.5,8.7,5.7,,,,8.8,44.21666667,33,33,35,33,33,27,,
3379-3380,3379,Ames 24989,Va99,6,549.9,14.7,14.2,15.7,14.2,13.9,12,,,,14.11666667,91.65,37,38,38,38,36,34,,
3375-3376,3375,PI 587149,Va26,6,414.7,9.3,15.4,9.5,6.6,16.4,5.8,,,,10.5,69.11666667,41,42,32,39,43,38,,
3367-3368,3367,Ames 27118,Il14H,8,308,11.1,10.2,10.8,9.6,10.8,10,9.3,9.7,,10.1875,38.5,35,32,31,37,30,31,33,32
3361-3362,3361,Ames 27159,NC326,6,503.3,14.8,13.6,14,15.5,15.1,16.3,,,,14.88333333,83.88333333,42,38,40,45,32,43,,
3363-3364,3363,Ames 27143,NC294,6,396.5,12.5,11.5,12.2,7.5,14.3,12.3,,,,11.71666667,66.08333333,42,37,34,36,38,37,,
3369-3370,3369,NSL 28966,Oh40B,5,303.8,18.1,14.3,16.9,16.4,18.9,,,,,16.92,60.76,32,33,37,32,33,,,
3371-3372,3371,PI 587132,Sg1533,6,228.2,15.4,17.3,10.1,8.8,9.6,10.3,,,,11.91666667,38.03333333,31,37,28,23,25,26,,
3353-3354,3353,PI 597927,B109,7,698.7,15,15.7,13.5,15.7,13.4,13.8,16.3,,,14.77142857,99.81428571,44,43,40,33,43,45,39,
3357-3358,3357,NSL 30894,R177,7,198.3,14.5,14.9,9.6,13.5,13.7,14.4,12.4,,,13.28571429,28.32857143,30,32,16,32,32,29,31,
3359-3360,3359,NSL 65874,Os420,2,139.5,12.3,14.1,,,,,,,,13.2,69.75,42,40,,,,,,
3365-3366,3365,Ames 27180,NC368,6,474.9,11.7,10.4,11.8,8,9.5,10.4,,,,10.3,79.15,45,45,42,41,42,42,,
3453-3454,3453,PI 686059,IDS28,5,207.9,8.5,8.4,13.8,14.2,7.9,,,,,10.56,41.58,30,29,31,30,29,,,
3355-3356,3355,Ames 27065,B73Htrhm,5,281.4,8.9,14.2,12.2,10.4,11.7,,,,,11.48,56.28,35,41,40,36,38,,,
4151-4252,4151,Ames 22754,K55,6,708.7,13.9,13.2,13.4,15.6,15.4,13.6,,,,14.18333333,118.1166667,41,46,44,48,47,48,,
4145-4146,4145,Ames 27087,CML220,6,376.7,13.1,12,11.2,10.6,14.3,11.6,,,,12.13333333,62.78333333,39,38,45,37,39,39,,
4137-4138,4137,PI 587125,CO109,5,120.2,12.4,12,13.3,9.5,11.1,,,,,11.66,24.04,27,32,27,26,32,,,
4149-4150,4149,Ames 19284,C103,6,716,14.3,19,17.3,21.7,20.7,18.8,,,,18.63333333,119.3333333,37,40,37,38,39,38,,
4147-4148,4147,Ames 27083,CML154Q,6,641.3,16.3,16.2,17.8,14.5,17.2,16.7,,,,16.45,106.8833333,41,42,41,38,43,42,,
4161-4162,4161,Ames 12732,NC232,6,604.3,13.2,8.9,13.9,14.1,14.3,11,,,,12.56666667,100.7166667,49,39,45,46,49,46,,
4155-4156,4155,check,check,7,1630.8,19.6,18.7,18.3,21.1,18.6,17.1,18.2,,,18.8,232.9714286,48,47,47,48,47,42,41,
4133-4134,4133,check,check,6,1152.9,16.8,18.2,21.3,19.5,15.7,18.5,,,,18.33333333,192.15,42,42,43,43,40,43,,
4125-4126,4125,NSL 65874,Os420,6,462.9,13.4,12.9,11,12.1,9.9,12.7,,,,12,77.15,43,45,41,45,41,40,,
4131-4132,4131,PI 606768,SD40,6,458.9,10.7,12.4,8.5,10.5,14.7,12.2,,,,11.5,76.48333333,40,37,38,37,40,41,,
4153-4154,4153,PI 587131,HP301,5,169.1,12.7,12,10.5,15.7,12.3,,,,,12.64,33.82,24,27,27,29,26,25,,
4135-4136,4135,PI 592734,R229,6,475.1,8.1,12,12,12.5,11.5,11.9,,,,11.33333333,79.18333333,35,39,44,41,37,37,,
4127-4128,4127,PI 583350,Mo45,6,583.8,20.6,14.2,18.4,15.6,15.8,19.3,,,,17.31666667,97.3,36,40,41,37,33,39,,
4129-4130,4129,Ames 27187,R4,6,352.4,14.8,16.6,13.1,12.5,11.9,15.6,,,,14.08333333,58.73333333,34,37,36,30,34,36,,
4121-4122,4121,NSL 65873,L317,7,433,16.7,15.8,18.2,14.1,13.2,9.5,18.7,,,15.17142857,61.85714286,37,33,35,32,29,32,37,
4115-4116,4115,Ames 27151,NC310,6,534.8,13.2,13,10.7,12.9,15.7,14.1,,,,13.26666667,89.13333333,43,42,37,39,40,43,,
4119-4120,4119,Ames 27118,Il14H,6,192.7,10.4,10.6,7.2,9.6,11.8,10.6,,,,10.03333333,32.11666667,34,33,33,30,34,35,,
4117-4118,4117,NSL 30894,R177,6,237,16.5,13.6,14.4,13.4,12.6,13.6,,,,14.01666667,39.5,32,32,34,34,31,33,,
4111-4112,4111,Ames 27114,H91,5,324.8,15.6,19.1,17.5,13.5,15.4,,,,,16.22,64.96,36,37,39,35,32,,,
4109-4110,4109,PI 550469,B46,6,640.6,18,19.1,19,18.4,17.2,15,,,,17.78333333,106.7666667,40,42,42,39,40,36,,
4113-4114,4113,PI 597927,B109,6,797.3,16.3,14.1,15,15,14.9,14,,,,14.88333333,132.8833333,45,43,43,42,46,43,,
4107-4108,4107,PI 686059,IDS28,4,93.3,11.4,7.6,10.9,6,,,,,,8.975,23.325,28,23,29,29,,,,
4103-4104,4103,Ames 23503,A680,6,560,13.5,15.5,12.4,12.8,16.1,13.9,,,,14.03333333,93.33333333,42,42,38,37,40,36,,
4105-4106,4105,check,check,6,1385.9,19.2,19.3,18.1,19.1,20.2,17.5,,,,18.9,230.9833333,45,45,47,47,47,45,,
4101-4102,4101,PI 608765,B77,8,377.3,11.9,7.1,7.9,15,11.8,13.6,6.3,6.2,,9.975,47.1625,38,35,30,34,35,35,37,34
4123-4124,4123,Ames 27149,NC306,6,513.2,13.1,12.1,14.7,12.1,13.2,13.9,,,,13.18333333,85.53333333,40,37,39,40,42,38,,
1455-1456,1455,PI 597927,B109,6,673.4,16.5,15.1,12.1,11.2,14.2,14.5,,,,13.93333333,112.2333333,44,43,36,38,43,44,,
1457-1458,1457,Ames 27167,NC342,6,339.9,13.1,13.1,12,9.5,13.4,12.1,,,,12.2,56.65,34,36,35,32,38,33,,
1445-1446,1445,Ames 26769,B2,2,52.3,13.5,10,,,,,,,,11.75,26.15,34,33,,,,,,
1449-1450,1449,Ames 26116,CI3A,7,212.6,7.6,9.5,9.2,6.9,6,6.5,6,,,7.385714286,30.37142857,37,38,37,36,32,36,33,
1451-1452,1451,PI 550467,B37,7,700.2,15,16.8,15.6,13.9,13.6,16,16.5,,,15.34285714,100.0285714,42,37,41,39,32,41,40,
1475-1476,1475,Ames 26771,33-16,6,686.6,14.5,17.6,15.8,16.7,13.5,10.5,,,,14.76666667,114.4333333,44,42,40,45,41,33,,
1465-1466,1465,Ames 27180,NC368,6,540.7,12.3,11.5,10.4,9.7,9.6,8.5,,,,10.33333333,90.11666667,43,45,44,43,44,44,,
1447-1448,1447,PI 608765,B77,6,336.1,17.1,19.4,15.3,17.4,11.7,11.1,,,,15.33333333,56.01666667,33,37,34,34,35,32,,
1463-1464,1463,PI 583350,Mo45,6,591.3,18.5,19.3,17.2,17.4,16.8,19.5,,,,18.11666667,98.55,37,39,36,40,38,37,,
1483-1484,1483,check,check,6,1024.9,18,16.7,14,14.6,19.9,18.4,,,,16.93333333,170.8166667,43,42,39,40,47,44,,
1459-1460,1459,NSL 65873,L317,6,366.1,19.1,16.7,16.5,18.1,17.3,14,,,,16.95,61.01666667,35,37,36,33,30,34,,
1453-1554,1453,Ames 19314,CI64,6,721.6,13.8,11.5,14.5,10,13.8,15.6,,,,13.2,120.2666667,48,48,47,44,49,47,,
1467-1468,1467,NSL 28966,Oh40B,6,465.1,18.5,20.7,21.2,18.4,18.1,16.3,,,,18.86666667,77.51666667,33,36,35,32,34,31,,
1471-1472,1471,Ames 19293,Wf9,7,1066.5,23.4,27.6,21.4,10.5,11.7,11.8,21.4,,,18.25714286,152.3571429,47,42,45,36,40,40,48,
1469-1470,1469,Ames 27151,NC310,6,493.7,12.7,15.1,12.6,12.3,8.9,14.5,,,,12.68333333,82.28333333,39,40,42,44,35,41,,
1481-1482,1481,Ames 27193,Va85,5,433.7,16.6,16.5,15.7,16.9,16.7,,,,,16.48,86.74,41,34,34,33,39,,,
1461-1462,1461,Ames 28939,Mo44,6,451.9,14.9,11.9,15.5,10.8,16.1,9.5,,,,13.11666667,75.31666667,38,44,34,33,36,37,,
1477-1478,1477,PI 592734,R229,6,633.9,12.9,14.6,12.1,13.1,13.6,11.2,,,,12.91666667,105.65,41,45,38,40,44,43,,
1479-1480,1479,Ames 27196,Yu796_NS,6,371.5,10,9.7,9.7,11.1,10.5,11.2,,,,10.36666667,61.91666667,36,39,34,32,37,37,,
1473-1474,1473,PI 587132,Sg1533,6,238.1,10.2,14.2,11.1,10.3,12,13.1,,,,11.81666667,39.68333333,24,31,27,29,28,27,,
1347-1348,1347,Ames 27114,H91,6,522.9,15.2,12,14.9,22.2,16.7,17.9,,,,16.48333333,87.15,37,31,36,38,39,39,,
1349-1350,1349,PI 550461,B14A,6,591.5,15.1,16.4,14.9,12.7,21.6,14.6,,,,15.88333333,98.58333333,39,41,38,34,48,34,,
1357-1358,1357,check,check,6,1289.8,19,20.4,17.5,21.5,19.2,14.9,,,,18.75,214.9666667,44,44,45,46,45,44,,
1351-1352,1351,Ames 23503,A680,6,671.5,16.3,15.8,15.7,15.4,15.7,16.2,,,,15.85,111.9166667,39,41,42,40,41,44,,
1355-1356,1355,NSL 30904,4226,6,582.2,12.5,13.4,13.6,14.1,16.3,14,,,,13.98333333,97.03333333,38,40,41,41,40,37,,
1371-1372,1371,CIze 44,CI44,7,312.9,9.2,10.1,12.4,8.7,9.2,11.5,9.5,,,10.08571429,44.7,35,32,34,34,33,36,31,
1353-1354,1353,PI 550473,B73,6,652,13.5,14.3,15.2,14.7,14.3,13.2,,,,14.2,108.6666667,42,42,48,39,46,42,,
1359-1360,1359,Ames 27143,NC294,6,380.9,11.3,12.5,13.6,10.5,9.9,11.9,,,,11.61666667,63.48333333,35,40,39,36,34,41,,
1367-1368,1367,NSL 30894,R177,6,287,13.1,13,14.2,13.1,15.1,13.1,,,,13.6,47.83333333,31,32,34,36,36,30,,
1361-1362,1361,Ames 27140,NC260,2,152.5,15.4,14.4,,,,,,,,14.9,76.25,34,34,,,,,,
1373-1374,1373,check,check,6,1456.6,20.8,19.7,20.2,20.1,20,19.3,,,,20.01666667,242.7666667,46,45,45,45,46,43,,
1365-1366,1365,PI 517974,Pa880,6,423.2,12.5,12.2,12.1,14.5,11.9,12.2,,,,12.56666667,70.53333333,36,38,37,39,37,36,,
1369-1370,1369,PI 558532,Mo17,6,575.7,18.7,17.7,18.8,17.9,12.9,17.7,,,,17.28333333,95.95,37,35,34,39,25,36,,
1363-1364,1363,Ames 27177,NC362,6,521.9,14.9,14.7,14.1,14.1,13.9,14.4,,,,14.35,86.98333333,41,34,35,40,37,38,,
1377-1378,1377,PI 587125,CO109,5,145.6,12,10.5,9.2,11.8,10.7,,,,,10.84,29.12,30,25,31,29,25,32,,
1375-1376,1375,Ames 31536,A214NGoodman-Buckler,7,541.7,15.3,15.6,17.9,15.5,13.4,14.7,15.3,,,15.38571429,77.38571429,35,34,34,35,30,40,34,
1381-1382,1381,Ames 28290,C49,5,94.9,5,9,6.9,8.3,8.7,,,,,7.58,18.98,29,28,29,34,28,26,,
1379-1380,1379,Ames 31535,38-11Goodman-Buckler,7,762,16.9,14.7,17,17.4,17.7,17.6,17,,,16.9,108.8571429,40,32,35,36,37,40,42,
1383-1384,1383,PI 550518,T8,6,597.3,14.9,15.1,9.9,15.9,15.9,14.6,,,,14.38333333,99.55,35,36,36,36,36,35,27,
4547-4548,4547,Ames 23450,A556,6,412.8,7.5,13.8,12.4,12.5,10.9,11.3,,,,11.4,68.8,36,34,39,37,39,38,,
4539-4540,4539,check,check,6,1388.7,19.4,18.2,19.3,22.1,19.1,17.9,,,,19.33333333,231.45,44,45,46,45,46,46,,
4537-4538,4537,PI 550522,T232,6,305.3,10.8,11.5,12.5,11.6,9.1,12.2,,,,11.28333333,50.88333333,32,36,38,36,31,31,,
4553-4554,4553,PI 550483,B76,6,596.3,12.3,14.2,13.4,14.8,14.6,11.2,,,,13.41666667,99.38333333,43,42,44,43,42,42,,
4473-4474,4473,check,check,6,1173.1,20.2,10.4,18.5,20.5,15.1,12,,,,16.11666667,195.5166667,47,42,47,50,43,49,,
4551-4552,4551,Ames 19308,A634,7,425.5,14.6,13.3,12,13,12.4,12.4,12.2,,,12.84285714,60.78571429,38,36,37,35,35,38,33,
4535-4536,4535,Ames 27119,Il101T,6,168.5,12,11.9,10.1,10.5,11.5,9.5,,,,10.91666667,28.08333333,30,26,34,31,29,31,,
4521-4522,4521,PI 531084,NC258,6,544.9,12.2,11.5,12.4,13.8,14.5,12.7,,,,12.85,90.81666667,40,38,39,34,41,40,,
4573-4574,4573,PI 550566,N192,7,772,16.5,17.9,14.2,17.6,16.7,14.2,17.5,,,16.37142857,110.2857143,40,40,40,40,39,35,41,
4583-4584,4583,PI 531085,NC262,6,277.4,18.5,6.3,9.2,13,10.9,10.7,,,,11.43333333,46.23333333,30,31,29,38,34,34,,
4577-4578,4577,Ames 27142,NC292,7,478.5,10.6,10.9,8.4,12.3,14.3,10.2,12.5,,,11.31428571,68.35714286,41,45,38,40,47,38,44,
4581-4582,4581,check,check,6,1403,19.4,20.9,19.9,17.3,19.7,19.6,,,,19.46666667,233.8333333,46,46,44,46,45,45,,
4519-4520,4519,Ames 27121,K64,5,363.5,13.1,12,10.4,9.7,10.8,,,,,11.2,72.7,41,40,38,40,40,,,
4549-4550,4549,PI 587138,A554,6,365.8,10.5,9.6,9.6,7.8,10.5,10.4,,,,9.733333333,60.96666667,34,31,39,37,38,37,,
4579-4580,4579,PI 524969,SD44,8,845.6,12,16.3,8.4,15.2,12,7.1,9.7,9.4,,11.2625,105.7,46,45,38,48,47,42,45,45
4567-4568,4567,PI 257507,F7,8,122.2,13.1,10.6,12.1,11.8,12.2,8.5,12.4,10.5,,11.4,15.275,28,28,25,26,29,26,28,28
4565-4566,4565,Ames 27111,EP1,7,137.9,9,7.4,9.6,9.3,11,9.8,6.5,,,8.942857143,19.7,30,27,28,31,30,30,23,
4571-4572,4571,check,check,6,1290.1,16.9,15.9,18.4,18.3,21.3,17.9,,,,18.11666667,215.0166667,47,47,45,43,44,44,,
4561-4562,4561,PI 587129,H99,6,325.7,16.1,9.4,14.8,13.5,12,12.5,,,,13.05,54.28333333,33,32,35,33,34,31,,
4575-4576,4575,Ames 27152,NC312,6,456.3,15,12.9,12.9,14.4,15.3,16.8,,,,14.55,76.05,39,33,36,39,40,34,,
4569-4570,4569,Ames 27107,CO255,7,131.5,13.1,10.5,10.2,11,13.4,13.3,11,,,11.78571429,18.78571429,30,32,28,30,28,29,25,
4563-4564,4563,Ames 20140,Mt42,5,318.7,12.1,14.6,15.5,11.4,11.7,,,,,13.06,63.74,32,37,27,29,31,33,33,
3151-3152,3151,PI 594046,B103,5,359.6,15.9,14.9,14.9,19.1,18.5,,,,,16.66,71.92,38,35,32,40,36,32,,
3153-3154,3153,NSL 81599,A659,6,576.9,14.2,13,14.7,14.5,14.5,14.3,,,,14.2,96.15,46,44,44,45,44,43,,
3163-3164,3163,Ames 24752,MS1334,6,178.4,12.4,8.4,9.4,10.2,10.5,13.7,,,,10.76666667,29.73333333,29,26,29,29,28,26,,
3159-3160,3159,PI 686057,I29,6,149.3,12.7,11.9,12.8,12.3,9.1,11.5,,,,11.71666667,24.88333333,25,27,27,29,30,30,,
3155-3156,3155,PI 587138,A554,6,381.1,9.8,8.9,9.5,10.3,10.1,10,,,,9.766666667,63.51666667,40,38,37,35,36,36,,
3147-3148,3147,PI 608774,B75,6,503.7,14,14.1,12.3,13.7,10.5,11.1,,,,12.61666667,83.95,40,40,37,41,37,34,,
3165-3166,3165,Ames 27111,EP1,6,156.7,12.4,11.5,12.2,7.4,9.7,11.6,,,,10.8,26.11666667,32,26,31,30,29,29,,
3157-3158,3157,Ames 27106,CO125,6,216.1,10.2,8,10.4,7.8,9.1,8.3,,,,8.966666667,36.01666667,35,33,34,31,33,29,,
3161-3162,3161,Ames 20190,CM37,6,114.1,12.1,10.2,10.7,8.1,9.7,9.3,,,,10.01666667,19.01666667,29,32,30,31,31,24,,
3167-3168,3167,Ames 27107,CO255,7,177.5,13.1,12.9,14,15.7,16.9,12.7,13.4,,,14.1,25.35714286,29,28,28,28,20,29,31,
3175-3176,3175,Ames 19330,W182B,6,144.2,14.8,14.8,13.9,10.1,10.9,10.3,,,,12.46666667,24.03333333,26,28,29,27,24,29,,
3149-3150,3149,PI 587139,A619,2,125.1,15.1,13.5,,,,,,,,14.3,62.55,38,39,,,,,,
3169-3170,3169,PI 686063,IDS91,6,242.9,14.2,14.4,14.1,12,13.7,12.5,,,,13.48333333,40.48333333,26,26,27,24,26,26,,
3177-3178,3177,Ames 19288,Oh43,6,410.3,13.7,14.6,12,14.5,17.3,16.3,,,,14.73333333,68.38333333,34,36,34,37,36,39,,
3173-3174,3173,check,check,6,890.8,17.4,12.7,12.4,18.5,17.4,13.7,,,,15.35,148.4666667,41,41,42,45,43,37,,
3171-3172,3171,Ames 27152,NC312,6,430.7,12.7,12.7,11.7,15.8,13.4,12.9,,,,13.2,71.78333333,35,37,38,40,38,36,,
3179-3180,3179,Ames 27154,NC316,2,195.1,13.9,15.7,,,,,,,,14.8,97.55,45,42,,,,,,
3181-3182,3181,Ames 27142,NC292,6,647.2,12.9,11.1,12.1,14,13.4,13.9,,,,12.9,107.8666667,46,46,43,46,45,44,,
3183-3184,3183,Ames 27163,NC334,6,414.5,15.4,12,12.5,12.7,13.6,13,,,,13.2,69.08333333,32,32,31,33,31,33,,
1581-1582,1581,Ames 27187,R4,6,400.4,13.2,13,13.7,14.9,14.5,12.7,,,,13.66666667,66.73333333,31,35,37,36,37,31,,
1583-1584,1583,Ames 24989,Va99,7,553.9,14,13.1,15.4,13.4,11.3,15.2,13.4,,,13.68571429,79.12857143,36,37,36,35,36,34,36,
1577-1578,1577,PI 606768,SD40,7,655.9,15.3,14.7,10.7,13.1,11.6,14.3,13.9,,,13.37142857,93.7,41,40,40,36,38,37,40,
1575-1576,1575,Ames 31534,CI90CGoodman-Buckler,6,364.2,12,13.5,15.5,11.7,13.7,12.2,,,,13.1,60.7,33,35,36,35,36,35,,
1573-1574,1573,Ames 19328,Va22,6,672.9,16.7,16.9,16.1,15.2,18.1,17.7,,,,16.78333333,112.15,38,36,33,36,38,37,,
1571-1572,1571,PI 587149,Va26,6,745.3,16,15.5,17.7,16.3,16.4,15.5,,,,16.23333333,124.2166667,43,40,40,42,42,42,,
1569-1570,1569,Ames 27168,NC344,6,595.6,10.4,13.8,15.9,14.8,10.9,14,,,,13.3,99.26666667,32,41,40,41,37,40,,
1579-1580,1579,Ames 28367,CI7Goodman-Buckler,6,585.2,12.7,13,13.5,12.8,12.8,14.6,,,,13.23333333,97.53333333,40,37,41,34,39,37,,
1563-1564,1563,Ames 27160,NC328,6,611.9,11.1,12.2,14.3,13,13.1,11.7,,,,12.56666667,101.9833333,38,38,41,44,39,43,,
1559-1560,1559,NSL 65874,Os420,5,481.8,13.2,11.2,13.2,12.9,14.9,,,,,13.08,96.36,41,37,46,42,43,,,
1557-1558,1557,Ames 27149,NC306,6,476.1,12.4,13.1,13.6,12.7,15.7,14.3,,,,13.63333333,79.35,41,39,37,38,40,37,,
1565-1566,1565,Ames 27159,NC326,6,743,15.5,18.3,14.2,19.1,13.7,14.2,,,,15.83333333,123.8333333,46,45,39,47,41,45,,
1561-1562,1561,Ames 27178,NC364,7,537.7,12.9,12.3,10.4,11.7,10.3,10.6,10.3,,,11.21428571,76.81428571,38,42,40,37,41,39,40,
1551-1552,1551,PI 608767,B84,5,221.7,14,9.4,31,7.9,9,,,,,14.26,44.34,39,33,30,28,33,,,
1553-1554,1553,PI 587140,A632,6,516.7,18.3,17.5,12.7,11,15.8,15.6,,,,15.15,86.11666667,40,40,38,33,36,37,,
1567-1568,1567,Ames 27118,Il14H,7,284.8,10.4,9.9,10.4,9.1,11.4,10.4,9,,,10.08571429,40.68571429,33,36,32,36,37,34,34,
1549-1550,1549,check,check,6,1440.1,19.6,18.1,20.9,21.5,19.1,17.3,,,,19.41666667,240.0166667,44,46,47,44,44,42,,
1555-1556,1555,Ames 27066,B164,6,578.8,15.9,16.8,17,17,15.8,13.2,,,,15.95,96.46666667,36,38,36,38,33,39,,
1547-1548,1547,PI 686059,IDS28,6,196.5,13.8,11.1,8.4,11.4,12.4,9.7,,,,11.13333333,32.75,30,20,25,27,26,28,,
1151-1152,1151,Ames 27083,CML154Q,7,613.7,18.8,17.2,13.4,17.5,15.3,18.6,18.2,,,17,87.67142857,40,37,36,43,35,42,41,
1145-1146,1145,PI 608766,B79,6,353.8,13.8,10.7,10.5,12,12.8,10,,,,11.63333333,58.96666667,36,39,40,41,39,36,,
1147-1148,1147,PI 587131,HP301,5,174.9,9.7,14.4,16.3,14.3,11.6,,,,,13.26,34.98,25,25,25,25,28,,,
1159-1160,1159,Ames 12734,NC236,6,252.2,11.2,13.9,9,12.1,12.5,13.2,,,,11.98333333,42.03333333,35,35,36,29,29,34,,
1143-1144,1143,Ames 27087,CML220,6,333,13.5,11.4,12,13.6,11.4,14.4,,,,12.71666667,55.5,32,37,37,40,35,39,,
1141-1142,1141,Ames 19326,R168,6,209.7,9.5,10.4,9.2,8.9,10,7.4,,,,9.233333333,34.95,24,37,31,32,28,28,,
1155-1156,1155,Ames 19319,H95,6,406.7,12.2,10.7,13.7,12.8,12.9,14.2,,,,12.75,67.78333333,33,38,38,36,36,37,,
1157-1158,1157,Ames 12731,NC230,6,316.5,8.5,10.3,11.6,9.2,12.4,11.9,,,,10.65,52.75,34,36,34,32,36,33,,
1161-1162,1161,Ames 27137,N6,6,576.8,13.1,13.3,13.1,14.5,15.3,13.2,,,,13.75,96.13333333,38,37,39,44,42,39,,
1149-1150,1149,Ames 27120,Il677a,6,192.8,10.2,15,14,9.7,13.4,13.7,,,,12.66666667,32.13333333,33,34,37,29,27,36,,
1153-1154,1153,PI 594047,B104,6,607,14.6,14.4,13.6,12.3,15,13.3,,,,13.86666667,101.1666667,42,41,43,38,40,43,,
1165-1166,1165,Ames 27164,NC336,6,216.8,11.3,12.3,13.6,13.4,14.7,14,,,,13.21666667,36.13333333,27,33,32,33,31,36,,
1167-1168,1167,Ames 27158,NC324,6,315.8,7.1,11.4,12.7,11.4,13.8,11.2,,,,11.26666667,52.63333333,36,37,36,34,38,31,,
1163-1164,1163,Ames 28366,N7A,6,650.8,13,12.2,13.2,11.9,13.4,13.1,,,,12.8,108.4666667,41,42,42,38,41,39,,
1171-1172,1171,Ames 27184,Pa762,6,685.3,12.3,13.5,15.4,16.5,15,14,,,,14.45,114.2166667,36,45,45,44,43,38,,
1169-1170,1169,Ames 27175,NC358,6,416.6,13.5,13,14,14.1,15,14,,,,13.93333333,69.43333333,29,30,33,29,32,33,,
1173-1174,1173,Ames 19323,Oh7B,5,128.3,18.4,16.4,10,4.4,8.7,,,,,11.58,25.66,29,32,23,15,23,,,
1183-1184,1183,Ames 27185,Pa875,6,324.3,12.7,10.5,7.9,11.1,12.6,11.6,,,,11.06666667,54.05,31,36,36,29,39,33,,
1175-1176,1175,PI 587151,Va102,6,643,17.7,17.1,15.8,15.5,19,15.9,,,,16.83333333,107.1666667,34,35,39,37,40,37,,
1178-1179,1178,Ames 8399,W117HT,6,438.1,15.3,14.5,13.2,13.2,13.1,13.5,,,,13.8,73.01666667,35,34,32,35,34,32,,
1181-1182,1181,Ames 27183,Oh43E,6,358.8,11.4,10.9,10.3,9.3,13.6,12,,,,11.25,59.8,32,38,36,37,35,36,35,
1177-1178,1177,Ames 8399,W117HT,6,152.7,8.8,8.9,9,8.5,12.3,7.5,,,,9.166666667,25.45,27,33,33,32,28,27,,
4035-4036,4035,Ames 27196,Yu796_NS,6,305.1,11,11,11.5,9.8,8.7,9.7,,,,10.28333333,50.85,,,,,,,,
4029-4030,4029,Ames 19328,Va22,6,515.8,18.6,15.9,18.3,17.7,17.5,13.9,,,,16.98333333,85.96666667,,,,,,,,
4023-4024,4023,check,check,6,1386.2,20.1,19.2,14.6,20.3,20,20.4,,,,19.1,231.0333333,,,,,,,,
4027-4028,4027,Ames 27160,NC328,6,728.1,14.1,13.3,12.5,14.5,12.2,15.6,,,,13.7,121.35,,,,,,,,
4033-4034,4033,Ames 31534,CI90CGoodman-Buckler,6,338.4,13,9.9,11.1,12.8,10.2,11.3,,,,11.38333333,56.4,,,,,,,,
4031-4032,4031,Ames 19293,Wf9,6,433.6,11.9,11.1,10.4,10.9,10.8,8.9,,,,10.66666667,72.26666667,,,,,,,,
4019-4020,4019,Ames 27178,NC364,6,474.2,12.8,10.4,10.9,10.5,11,12.1,,,,11.28333333,79.03333333,,,,,,,,
4021-4022,4021,Ames 27143,NC294,6,457.6,11.5,11.6,13.2,10.8,10.4,13.7,,,,11.86666667,76.26666667,,,,,,,,
4015-4016,4015,Ames 27177,NC362,7,468.9,12.7,11.2,10.6,11.3,10.5,10.4,14.1,,,11.54285714,66.98571429,,,,,,,,
4017-4018,4017,Ames 27167,NC342,6,392.8,13.3,9.1,11.1,13.3,13.7,13.8,,,,12.38333333,65.46666667,,,,,,,,
4011-4012,4011,PI 587142,A679,6,632,13.2,14.9,14.5,12.9,15.1,12.7,,,,13.88333333,105.3333333,,,,,,,,
4009-4010,4009,PI 550473,B73,7,540.6,11.9,14,13.5,10.4,13.9,12.4,13.1,,,12.74285714,77.22857143,,,,,,,,
4013-4014,4013,check,check,6,1215.8,18.4,18.4,19.3,18.1,19.7,16.1,,,,18.33333333,202.6333333,,,,,,,,
4007-4008,4007,PI 564682,B97,6,479.6,10.2,10.9,11.1,10.7,9.8,13.1,,,,10.96666667,79.93333333,,,,,,,,
4005-4006,4005,NSL 30904,4226,6,602.1,13.7,14.9,13.5,15.6,14.7,12.7,,,,14.18333333,100.35,,,,,,,,
4003-4004,4003,PI 550461,B14A,6,439.2,16.3,14.9,13.7,18.6,18.3,19,,,,16.8,73.2,,,,,,,,
4001-4002,4001,PI 550467,B37,6,223.9,8,11.3,11.1,12.6,13.9,13,,,,11.65,37.31666667,,,,,,,,
1329-1330,1329,Ames 27129,KUI2021,6,351.7,11.3,14.1,16,14,13.4,15.3,,,,14.01666667,58.61666667,,,,,,,,
1323-1324,1323,check,check,6,1082.5,15.7,17.5,15.4,15.5,15.4,19.5,,,,16.5,180.4166667,,,,,,,,
1319-1320,1319,Ames 27170,NC348,6,279.7,12.1,12,14.5,11.1,13,12,,,,12.45,46.61666667,,,,,,,,
1309-1310,1309,check,check,6,958.2,14.5,17,15.6,15.5,19.2,14.4,,,,16.03333333,159.7,,,,,,,,
1325-1326,1325,Ames 27156,NC320,6,464.5,11,11.7,11.3,11.7,12,13,,,,11.78333333,77.41666667,,,,,,,,
1321-1322,1321,Ames 27110,E2558W,6,524,14.1,13.1,15.8,16.6,15,16.1,,,,15.11666667,87.33333333,,,,,,,,
1315-1316,1315,Ames 27165,NC338,6,878.2,13.1,16.3,25,15.5,12.5,17.1,,,,16.58333333,146.3666667,,,,,,,,
1331-1332,1331,check,check,6,1142.4,17.2,18.4,19.1,18.6,18,16.1,,,,17.9,190.4,,,,,,,,
1307-1308,1307,check,check,6,1106.7,15.6,16.4,16.3,19.1,18.7,17.9,,,,17.33333333,184.45,,,,,,,,
1313-1314,1313,PI 595542,CML254,2,8.4,10.3,9.8,,,,,,,,10.05,4.2,,,,,,,,
1303-1304,1303,Ames 27085,CML158Q,6,301,11.5,14.5,15.7,15.6,14.5,10.5,,,,13.71666667,50.16666667,,,,,,,,
1305-1306,1305,Ames 27082,CML108,6,460.1,13.7,11.4,13.1,14.2,13.9,14,,,,13.38333333,76.68333333,,,,,,,,
1301-1302,1301,Ames 26604,38-11,7,260.3,14,12.3,12.9,14.3,14.1,14.5,14.5,,,13.8,37.18571429,,,,,,,,
1317-1318,1317,Ames 27169,NC346,6,163.2,9.6,15.6,10.3,8.9,13.6,9.9,,,,11.31666667,27.2,,,,,,,,
1311-1312,1311,check,check,6,846.5,13.3,16.4,15.3,13.8,14.9,17.2,,,,15.15,141.0833333,,,,,,,,
1327-1328,1327,PI 550558,DE811,1,76.3,15.2,,,,,,,,,15.2,76.3,,,,,,,,
1341-1342,1341,PI 587147,Pa91,6,499.1,12.9,15.1,14.1,12.9,13.9,13.8,,,,13.78333333,83.18333333,,,,,,,,
1337-1338,1337,PI 506246,Tzi8,6,1185.6,19.5,18.5,15.4,17.9,16.9,17.1,,,,17.55,197.6,,,,,,,,
1339-1340,1339,Ames 26808,Ill.Hy,6,435.1,11.2,14.7,9.6,8.5,11.3,10.3,,,,10.93333333,72.51666667,,,,,,,,
1343-1344,1343,PI 587142,A679,7,682.4,11.2,15.63,12.9,13.4,16,11.1,12.7,,,13.27571429,97.48571429,,,,,,,,
1335-1336,1335,check,check,6,993.1,15.5,15.1,17.5,13.7,18.9,15.2,,,,15.98333333,165.5166667,,,,,,,,
1333-1334,1333,PI 506255,Tzi25,6,338.9,12.9,11.1,14,12.1,11.2,14.2,,,,12.58333333,56.48333333,,,,,,,,
1345-1346,1345,PI 550469,B46,5,477,18.6,18.1,16.5,16.3,16.5,,,,,17.2,95.4,,,,,,,,
1249-1250,1249,PI 594048,B105,6,641,16.4,17.3,14,17.1,16.9,18.2,,,,16.65,106.8333333,,,,,,,,
1251-1252,1251,Ames 22754,K55,6,669.4,15.1,14.9,14.4,14,13,12.5,,,,13.98333333,111.5666667,,,,,,,,
1245-1246,1245,Ames 26138,CI187-2,6,463.8,15.4,17.4,15.4,15,18.4,17.7,,,,16.55,77.3,,,,,,,,
1247-1248,1247,Ames 22440,CI90C,3,137.2,14.1,9.7,9.1,,,,,,,10.96666667,45.73333333,,,,,,,,
1243-1244,1243,Ames 27097,CML323,6,283.7,13.8,11.7,14,10.4,11.5,13.9,,,,12.55,47.28333333,,,,,,,,
1241-1242,1241,PI 550490,ND246,6,144.4,14.5,14.6,7.7,16.7,11.8,14,,,,13.21666667,24.06666667,,,,,,,,
1239-1240,1239,PI 587145,NC268,6,372.9,11.4,12.8,11,14.7,12.9,11.5,,,,12.38333333,62.15,,,,,,,,
1237-1238,1237,Ames 27150,NC308,6,415.8,14.2,11.7,10.9,14,12.8,10.5,,,,12.35,69.3,,,,,,,,
1233-1234,1233,Ames 28186,P39,4,24.3,14.3,14.2,11.5,12.9,,,,,,13.225,6.075,,,,,,,,
1235-1236,1235,Ames 27152,NC312,6,344.9,16.3,15.2,11.7,11.4,12.9,15.5,,,,13.83333333,57.48333333,,,,,,,,
1231-1232,1231,Ames 27163,NC334,6,323.6,11.4,12.5,11.8,12.1,11.8,10,,,,11.6,53.93333333,,,,,,,,
1227-1228,1227,Ames 27106,CO125,6,206.8,12.2,5.1,9.9,9.3,9.5,11.5,,,,9.583333333,34.46666667,,,,,,,,
1229-1230,1229,Ames 27161,NC330,6,499.7,14.9,14.4,14.9,13.1,8,11.5,,,,12.8,83.28333333,,,,,,,,
1223-1224,1223,Ames 24752,MS1334,6,141.7,12.7,16.7,16,12,13.4,13.6,,,,14.06666667,23.61666667,,,,,,,,
1225-1226,1225,PI 583352,Mo47,6,373.6,12.1,13.9,12,12.6,11.2,11.3,,,,12.18333333,62.26666667,,,,,,,,
1221-1222,1221,PI 587129,H99,6,284.6,15.1,14.9,14.5,12.4,15.9,14.2,,,,14.5,47.43333333,,,,,,,,
1219-1220,1219,PI 587127,H105W,6,273.3,11.1,13.5,16.5,11.9,14.4,8.6,,,,12.66666667,45.55,,,,,,,,
1217-1218,1217,Ames 28364,IA2132,6,392.5,15.7,11.6,11.9,11.3,13,13.4,,,,12.81666667,65.41666667,,,,,,,,
1213-1214,1213,Ames 23450,A556,6,392.8,13.1,14.1,12.3,13.5,12,11,,,,12.66666667,65.46666667,,,,,,,,
1215-1216,1215,NSL 30867,M14,6,471.6,15.6,15.3,17.3,16,13.5,15.8,,,,15.58333333,78.6,,,,,,,,
1209-1210,1209,Ames 27068,CH9,6,460.1,11.3,11.5,13.3,10.5,11.1,11,,,,11.45,76.68333333,,,,,,,,
1205-1206,1205,PI 587124,CM105,6,464.4,14.1,17.4,18.5,15.9,15.7,17,,,,16.43333333,77.4,,,,,,,,
1203-1204,1203,Ames 19308,A634,6,566.8,17.9,12,16,16.3,14.5,13,,,,14.95,94.46666667,,,,,,,,
1211-1212,1211,PI 550440,B64,6,285.9,13.7,15.5,16,14.5,13,16.6,,,,14.88333333,47.65,,,,,,,,
1207-1208,1207,NSL 81599,A659,6,470.9,15.1,13,13.3,14.5,12,13.2,,,,13.51666667,78.48333333,,,,,,,,
1201-1202,1201,PI 607521,A661,7,288.4,13.4,12.2,7.5,9.5,9.7,6.8,14.2,,,10.47142857,41.2,,,,,,,,
2247-2248,2247,PI 587141,A654,6,729.7,12.2,16.2,16.9,13.6,17.5,17.5,,,,15.65,121.6166667,,,,,,,,
2245-2246,2245,Ames 19308,A634,6,443.6,13,16.9,15.7,13,15.7,14,,,,14.71666667,73.93333333,,,,,,,,
2239-2240,2239,Ames 19323,Oh7B,4,259.4,10.7,16.1,15,12.5,,,,,,13.575,64.85,,,,,,,,
2235-2236,2235,check,check,6,774.9,14.7,10.7,14.5,17,15.9,15.9,,,,14.78333333,129.15,,,,,,,,
2233-2234,2233,Ames 8399,W117HT,8,189.5,8,8.9,8.1,9.3,11.5,11.2,8.8,8,,9.225,23.6875,,,,,,,,
2243-2244,2243,PI 550440,B64,7,347.1,11.9,14.2,12.4,17,9.3,15.2,12.2,,,13.17142857,49.58571429,,,,,,,,
2231-2232,2231,NSL 30053,W22,7,427.8,11.1,12.5,13.5,14.5,12.5,13.3,15.6,,,13.28571429,61.11428571,,,,,,,,
2229-2230,2229,Ames 27183,Oh43E,6,258.9,10.5,11.6,10.5,7.4,12,10.6,,,,10.43333333,43.15,,,,,,,,
2237-2238,2237,PI 587150,Va35,6,336.6,9,15.2,15.1,10,12.1,8.5,,,,11.65,56.1,,,,,,,,
2241-2242,2241,Ames 27184,Pa762,4,284.2,11.6,8.4,14.5,15,,,,,,12.375,71.05,,,,,,,,
2225-2226,2225,Ames 27175,NC358,6,271.1,15.9,8,13.5,8.5,14,12.2,,,,12.01666667,45.18333333,,,,,,,,
2221-2222,2221,Ames 27260,Ki44,3,18.8,12.6,14.7,10.7,,,,,,,12.66666667,6.266666667,,,,,,,,
2227-2228,2227,Ames 27164,NC336,6,395.5,15.9,16.2,13.6,15.1,14.4,15.6,,,,15.13333333,65.91666667,,,,,,,,
2209-2210,2209,Ames 27083,CML154Q,6,549.3,19.5,17,14.4,18.3,19,12.7,,,,16.81666667,91.55,,,,,,,,
2219-2220,2219,PI 583351,Mo46,6,584.8,12.5,15.1,15.1,14,12.9,7.7,,,,12.88333333,97.46666667,,,,,,,,
2207-2208,2207,Ames 27112,F2834T,6,342.6,13.1,12.6,13.9,12.3,12.6,13.5,,,,13,57.1,,,,,,,,
2217-2218,2217,PI 543916,Mp339,6,270.3,12,10.8,9.3,12,11.8,15,,,,11.81666667,45.05,,,,,,,,
2215-2216,2215,Ames 27124,Ki11,5,389.5,14.7,14,15.4,20,14.8,,,,,15.78,77.9,,,,,,,,
2211-2212,2211,Ames 27120,Il677a,6,337.4,14.9,13,12.6,11.6,13.5,15.1,,,,13.45,56.23333333,,,,,,,,
2223-2224,2223,check,check,6,1011,16.2,17.6,17.5,15.5,17.9,17.3,,,,17,168.5,,,,,,,,
2213-2214,2213,PI 606329,DE1,7,236.6,11.8,7.8,8.5,12,9.5,7.6,10.1,,,9.614285714,33.8,,,,,,,,
2203-2204,2203,PI 587128,H84,6,528.8,9.3,15.1,10.2,12.2,12.7,11.8,,,,11.88333333,88.13333333,,,,,,,,
2201-2202,2201,Ames 22440,CI90C,2,42.7,8.9,14.2,,,,,,,,11.55,21.35,,,,,,,,
2205-2206,2205,PI 608766,B79,8,404.7,12,8.3,8.6,10.3,12.8,10.7,8.6,8.8,,10.0125,50.5875,,,,,,,,
4359-4360,4359,Ames 27104,CMV3,6,167.5,12.6,11.7,11.1,12.5,11,12.4,,,,11.88333333,27.91666667,,,,,,,,
4335-4336,4335,PI 257506,F2,4,45.4,12,12.6,11.3,14.1,,,,,,12.5,11.35,,,,,,,,
4317-4318,4317,check,check,5,1190,20.8,21.1,16.7,20,19.2,,,,,19.56,238,,,,,,,,
4315-4316,4315,Ames 27133,M37W,7,554.5,13.1,17.1,15.4,14.9,14.2,14.7,14.4,,,14.82857143,79.21428571,,,,,,,,
4323-4324,4323,Ames 12729,NC222,6,287.3,7.9,8,8.6,7.5,6.9,7.1,,,,7.666666667,47.88333333,,,,,,,,
4357-4358,4357,PI 686057,I29,6,100.1,8.7,15.5,9.7,9.6,7.7,7,,,,9.7,16.68333333,,,,,,,,
4401-4402,4401,check,check,7,891.6,12.1,14,14.3,15.4,15.7,17.3,11,,,14.25714286,127.3714286,,,,,,,,
4309-4310,4309,Ames 27081,CML103,6,1384.6,20.2,20.5,18.5,15.5,18.6,20.5,,,,18.96666667,230.7666667,,,,,,,,
4331-4332,4331,Ames 27189,SC55,8,402.4,11.7,7.6,9.8,9.8,10,9.9,9.2,8.7,,9.5875,50.3,,,,,,,,
4347-4348,4347,Ames 22443,A188,7,232.1,12,9.5,8.8,12.7,10.4,9.9,10.4,,,10.52857143,33.15714286,,,,,,,,
4403-4404,4403,check,check,6,902.2,13.3,18.1,18.8,13.9,13.4,14.6,,,,15.35,150.3666667,,,,,,,,
4327-4328,4327,check,check,6,1278.1,18.3,19.5,18.6,19,18.4,19.3,,,,18.85,213.0166667,,,,,,,,
4345-4346,4345,PI 587141,A654,7,407.1,18.3,10.2,11.2,12,13.7,16.9,11.3,,,13.37142857,58.15714286,,,,,,,,
4301-4302,4301,check,check,6,889.6,13.6,14.4,19.6,13,14.9,16.1,,,,15.26666667,148.2666667,,,,,,,,
4311-4312,4311,Ames 27085,CML158Q,6,319.6,9.9,13.7,12.7,14.6,12.7,14.5,,,,13.01666667,53.26666667,,,,,,,,
4355-4356,4355,PI 587143,A682,7,665.9,13.9,16.4,17.4,18.7,14.8,14.5,19.7,,,16.48571429,95.12857143,,,,,,,,
4341-4342,4341,Ames 27129,KUI2021,6,318.3,16.7,17.3,12.2,12.5,13.2,8.9,,,,13.46666667,53.05,,,,,,,,
4405-4406,4405,Ames 27101,CML333,4,21.4,6,8.6,6,6,,,,,,6.65,5.35,,,,,,,,
4307-4308,4307,check,check,8,1525.9,17.5,19.5,17.5,15.3,16,19.1,17.6,18.5,,17.625,190.7375,,,,,,,,
4351-4352,4351,PI 608774,B75,6,511.8,13.3,13,10.6,13.4,11.4,12.3,,,,12.33333333,85.3,,,,,,,,
4339-4340,4339,PI 506255,Tzi25,6,408,12.3,14.3,12.1,13.8,14.9,14.3,,,,13.61666667,68,,,,,,,,
4313-4314,4313,PI 550465,B68,6,456.2,17.7,17.1,18,19.7,18.3,16.3,,,,17.85,76.03333333,,,,,,,,
4305-4306,4305,Ames 26604,38-11,6,287.4,11.1,13.5,14.7,13.5,10.1,12.1,,,,12.5,47.9,,,,,,,,
4356-4357,4356,PI 587143,A682,8,443.6,10.7,10.5,11.7,10.2,8.9,11.9,9.9,12.2,,10.75,55.45,,,,,,,,
4303-4304,4303,check,check,6,1193.3,21.9,16.2,20.2,18.2,15.2,18,,,,18.28333333,198.8833333,,,,,,,,
1079-1080,1079,check,check,6,1102.6,18,17.2,12.1,18.3,18.5,17.9,,,,17,183.7666667,,,,,,,,
1083-1084,1083,PI 686065,SA24,6,240.6,16.5,15.5,15.3,14.6,14,12,,,,14.65,40.1,,,,,,,,
1071-1072,1071,NSL 30053,W22,5,338.9,12.5,7.7,13.2,13.5,12.5,,,,,11.88,67.78,,,,,,,,
1077-1078,1077,PI 587152,W64A,6,290.3,9.3,7.5,6.9,9.8,7.6,7.5,,,,8.1,48.38333333,,,,,,,,
1081-1082,1081,Ames 27181,NC370,6,437.8,8.5,9.5,13.2,11.6,11.6,11.6,,,,11,72.96666667,,,,,,,,
1065-1066,1065,check,check,6,1228.5,17.6,15.8,17.9,17.1,15.7,20.7,,,,17.46666667,204.75,,,,,,,,
1073-1074,1073,check,check,6,959,17.9,13.4,16.6,13.3,13.9,17.5,,,,15.43333333,159.8333333,,,,,,,,
1075-1076,1075,check,check,6,851.8,13.6,14.9,14.5,14.9,13.9,15.6,,,,14.56666667,141.9666667,,,,,,,,
1067-1068,1067,Ames 27172,NC352,6,297.8,14.7,14.5,16.1,16.4,13.9,13.4,,,,14.83333333,49.63333333,,,,,,,,
1057-1058,1057,check,check,6,1306.7,16.5,13.1,17.4,15.5,19,19,,,,16.75,217.7833333,,,,,,,,
1053-1054,1053,Ames 19284,C103,6,426,18.4,11.5,17.4,16.9,14.7,15,,,,15.65,71,,,,,,,,
1055-1056,1055,Ames 27112,F2834T,6,188,15.8,12.3,11.1,12.3,11.3,12.5,,,,12.55,31.33333333,,,,,,,,
1063-1064,1063,PI 520774,NC264,6,315.5,12.2,10.7,11.5,13,10.6,9.3,,,,11.21666667,52.58333333,,,,,,,,
1069-1070,1069,Ames 27147,NC302,6,349.7,10.4,12.2,12.2,12,13.1,11.9,,,,11.96666667,58.28333333,,,,,,,,
1061-1062,1061,Ames 27141,NC290A,5,416.7,11,12.6,11.3,11,13,,,,,11.78,83.34,,,,,,,,
1059-1060,1059,Ames 27260,Ki44,5,39.6,8.4,7.5,7,8.7,7.9,,,,,7.9,7.92,,,,,,,,
1409-1410,1409,check,check,6,1129.4,18.8,18.3,15.5,16.6,16.7,18.1,,,,17.33333333,188.2333333,,,,,,,,
1415-1416,1415,Ames 27134,M162W,6,606.2,12.8,12.2,10.7,12.5,12.4,11.3,,,,11.98333333,101.0333333,,,,,,,,
1407-1408,1407,Ames 27081,CML103,6,320,15.1,14.4,14.3,15.2,14.4,10.3,,,,13.95,53.33333333,,,,,,,,
1405-1406,1405,Ames 27086,CML218,6,295.6,12.1,11.3,13.4,13.5,10.9,13.8,,,,12.5,49.26666667,,,,,,,,
1431-1432,1431,PI 257506,F2,5,118,10.6,12.7,13.9,14.7,10.3,,,,,12.44,23.6,,,,,,,,
1417-1418,1417,Ames 27133,M37W,6,318.1,10.3,13,12,9.5,13,11.5,,,,11.55,53.01666667,,,,,,,,
1401-1402,1401,Ames 27094,CML314,7,253.9,10.3,8.4,9.9,8,12.4,12.6,13.1,,,10.67142857,36.27142857,,,,,,,,
1411-1412,1411,Ames 27091,CML261,4,29.9,8.9,10.6,7.8,9.7,,,,,,9.25,7.475,,,,,,,,
1433-1434,1433,Ames 27119,Il101T,6,108.3,13,13.9,11.5,12.4,13.4,9.9,,,,12.35,18.05,,,,,,,,
1413-1414,1413,PI 587130,4722,6,253,12.7,11.7,12.8,14,12.9,13.1,,,,12.86666667,42.16666667,,,,,,,,
1403-1404,1403,check,check,6,1060.4,15.3,16,19.6,18.1,18.5,17.8,,,,17.55,176.7333333,,,,,,,,
1429-1430,1429,Ames 27189,SC55,6,347.9,14.4,13,11.3,8.6,10,10.7,,,,11.33333333,57.98333333,,,,,,,,
1427-1428,1427,NSL 22893,F44,6,263.9,11.5,11.6,11.4,11.7,10.9,11.6,,,,11.45,43.98333333,,,,,,,,
1423-1424,1423,Ames 28184,CML69,5,120,13.8,11.9,11.7,11.4,11.8,,,,,12.12,24,,,,,,,,
1425-1426,1425,PI 531084,NC258,6,441.2,10.9,11,13.2,11.8,12.2,12.3,,,,11.9,73.53333333,,,,,,,,
1421-1422,1421,Ames 10248,GA209,6,217.7,9.5,5.5,10.6,11.1,10.5,6,,,,8.866666667,36.28333333,,,,,,,,
1249-1250,1249,PI 594048,B105,6,1196.6,16.9,15.1,18,15.5,18.8,19,,,,17.21666667,199.4333333,,,,,,,,
1437-1438,1437,Ames 22763,Tx601,5,205.7,14.4,10.4,10.8,9.2,9.7,,,,,10.9,41.14,,,,,,,,
1443-1444,1443,PI 564682,B97,7,613.5,12.5,11,13.3,11.2,13,12.4,11.4,,,12.11428571,87.64285714,,,,,,,,
1435-1436,1435,PI 606330,DE2,6,588.9,14.6,13.8,13.5,14.3,15.5,13.8,,,,14.25,98.15,,,,,,,,
1441-1442,1441,PI 550522,T232,6,214.4,8.6,8.7,13.2,12.6,12.4,12.3,,,,11.3,35.73333333,,,,,,,,
1419-1420,1419,Ames 27155,NC318,6,325.6,12.2,13,12.5,10.1,12.2,13,,,,12.16666667,54.26666667,,,,,,,,
2031-2032,2031,PI 573098,Oh603,6,359.9,11.1,16,15.6,11.5,13.2,11,,,,13.06666667,59.98333333,,,,,,,,
2029-2030,2029,PI 686066,SG18,7,378.1,13,11.9,13.7,9.9,10.3,14.3,13,,,12.3,54.01428571,,,,,,,,
2035-2036,2035,Ames 27194,W401,4,121.9,11.5,13.4,9.5,13.1,,,,,,11.875,30.475,,,,,,,,
2025-2026,2025,Ames 27261,NC298,6,1105.4,16.5,18.9,16.6,17.4,20.5,20.7,,,,18.43333333,184.2333333,,,,,,,,
2039-2040,2039,PI 686065,SA24,6,215,13.1,15.2,13.5,14.1,16,14.7,,,,14.43333333,35.83333333,,,,,,,,
2043-2044,2043,PI 587138,A554,6,293.8,9.7,7.2,7.3,9.5,7.8,8.5,,,,8.333333333,48.96666667,,,,,,,,
2015-2016,2015,PI 550555,NC250,6,440.5,9.5,10.5,10.1,12.5,12.8,11.4,,,,11.13333333,73.41666667,,,,,,,,
2027-2028,2027,Ames 27172,NC352,6,471.9,14.7,15.2,15.5,16.2,15.5,15.6,,,,15.45,78.65,,,,,,,,
2019-2020,2019,Ames 27138,N28Ht,3,344.8,13.1,14.5,15,,,,,,,14.2,114.9333333,,,,,,,,
2033-2034,2033,Ames 27182,NC372,6,564.9,12,9.8,15.8,16.7,10.4,14.6,,,,13.21666667,94.15,,,,,,,,
2013-2014,2013,Ames 22754,K55,6,615.9,11.6,15.7,13.6,11.7,14.3,10.9,,,,12.96666667,102.65,,,,,,,,
2041-2042,2041,Ames 27185,Pa875,6,249.6,11.3,11.5,12.5,11.7,10.7,9.5,,,,11.2,41.6,,,,,,,,
2037-2038,2037,check,check,6,671.4,9.5,13.3,15.8,15.4,11.6,13.7,,,,13.21666667,111.9,,,,,,,,
2011-2012,2011,check,check,6,1317.1,17.1,18.2,19.9,20.9,17.6,18.7,,,,18.73333333,219.5166667,,,,,,,,
2007-2008,2007,PI 594047,B104,6,778.1,14.4,9.9,17.3,15.5,15.4,12.2,,,,14.11666667,129.6833333,,,,,,,,
2017-2018,2017,Ames 12732,NC232,6,825.2,12.6,14.2,14.4,14.9,13.2,15.1,,,,14.06666667,137.5333333,,,,,,,,
2021-2022,2021,Ames 12731,NC230,6,331.2,8.5,9.2,10.1,9.3,9.8,13,,,,9.983333333,55.2,,,,,,,,
2009-2010,2009,Ames 19319,H95,6,475.1,15.2,10.4,15,12.7,15.1,14.4,,,,13.8,79.18333333,,,,,,,,
2001-2002,2001,PI 587131,HP301,7,247.2,10.8,13.1,12.7,12.1,12.4,11.3,10.8,,,11.88571429,35.31428571,,,,,,,,
2023-2024,2023,Ames 27147,NC302,6,397.7,13.2,11.6,12.9,12.6,13.5,14.7,,,,13.08333333,66.28333333,,,,,,,,
2005-2006,2005,Ames 19284,C103,6,638.7,17.5,20.2,19,21.5,19.2,15.5,,,,18.81666667,106.45,,,,,,,,
2329-2330,2329,Ames 19328,Va22,6,660,16,16.3,20.5,17,17.4,19.6,,,,17.8,110,,,,,,,,
2343-2344,2343,PI 595565,CML287,6,108.8,9.9,12.5,11.5,13,15.7,13.1,,,,12.61666667,18.13333333,,,,,,,,
2337-2338,2337,Ames 27193,Va85,6,439.7,15.7,15.9,16.8,15.8,16.4,15.9,,,,16.08333333,73.28333333,,,,,,,,
2341-2342,2341,Ames 26771,33-16,6,341.9,16.3,9.5,9.9,13.8,11.4,7.5,,,,11.4,56.98333333,,,,,,,,
2333-2334,2333,Ames 28290,C49,6,85.6,7.9,9.5,10.9,11.5,11.2,10,,,,10.16666667,14.26666667,,,,,,,,
2321-2322,2321,Ames 27178,NC364,6,454.3,12.4,9.2,9.3,9.2,8,13.2,,,,10.21666667,75.71666667,,,,,,,,
2331-2332,2331,CIze 44,CI44,6,315.3,12.8,11.4,10.7,10.4,10.3,10.5,,,,11.01666667,52.55,,,,,,,,
2323-2324,2323,NSL 65873,L317,6,373.4,15.5,17,16.6,14,16.3,16.2,,,,15.93333333,62.23333333,,,,,,,,
2339-2340,2339,PI 587149,Va26,6,390.4,14.6,11.4,9.2,8.1,12.5,7.9,,,,10.61666667,65.06666667,,,,,,,,
2335-2336,2335,Ames 28367,CI7Goodman-Buckler,6,306.5,11.2,11.3,12,13.5,11.5,11.9,,,,11.9,51.08333333,,,,,,,,
2313-2314,2313,PI 550461,B14A,5,563.2,19.2,15.2,22.5,19.6,17,,,,,18.7,112.64,,,,,,,,
2315-2316,2315,Ames 27140,NC260,3,236.4,11,17.5,13.1,,,,,,,13.86666667,78.8,,,,,,,,
2347-2348,2347,Ames 27082,CML108,6,214.3,9.4,13.4,11.5,12.4,10.7,8.2,,,,10.93333333,35.71666667,,,,,,,,
2309-2310,2309,Ames 27066,B164,6,163.8,9,9.6,14.7,10.9,8.7,10.6,,,,10.58333333,27.3,,,,,,,,
2345-2346,2345,check,check,6,943.8,18.6,14.9,15.3,16.4,12.2,13.2,,,,15.1,157.3,,,,,,,,
2325-2326,2325,NSL 28966,Oh40B,6,298.9,19.9,12.4,14.6,15.1,17.1,16.2,,,,15.88333333,49.81666667,,,,,,,,
2327-2328,2327,Ames 27168,NC344,6,530.5,10.6,13.5,10.5,11.5,12.8,13.7,,,,12.1,88.41666667,,,,,,,,
2317-2318,2317,NSL 30894,R177,6,348.8,17,15.7,12.8,14.8,15.4,16.5,,,,15.36666667,58.13333333,,,,,,,,
2319-2320,2319,Ames 27151,NC310,6,530.2,11.7,13.1,14.5,13.2,10,13.8,,,,12.71666667,88.36666667,,,,,,,,
2349-2350,2349,Ames 27091,CML261,2,4.6,6.1,6.2,,,,,,,,6.15,2.3,,,,,,,,
2303-2304,2303,PI 686059,IDS28,6,247.5,9.6,13.1,10.3,13.7,12.6,12.7,,,,12,41.25,,,,,,,,
2301-2302,2301,PI 550469,B46,6,499.4,13,16.5,14.2,12.8,17.9,14.4,,,,14.8,83.23333333,,,,,,,,
2307-2308,2307,check,check,6,776.9,9,14.7,14.5,10.2,20.9,16,,,,14.21666667,129.4833333,,,,,,,,
2311-2312,2311,check,check,6,773.6,10.4,12.5,20.3,16,12,13.8,,,,14.16666667,128.9333333,,,,,,,,
2305-2306,2305,PI 550467,B37,6,605,15.8,13.1,13,14,16,15,,,,14.48333333,100.8333333,,,,,,,,
1263-1264,1263,PI 583351,Mo46,6,598.6,9.7,13,12.9,13.9,13.4,12.4,,,,12.55,99.76666667,,,,,,,,
1279-1280,1279,Ames 19000,VaW6,6,386.9,11.7,13.9,19.5,12.7,12.4,16.8,,,,14.5,64.48333333,,,,,,,,
1269-1270,1269,PI 550555,NC250,6,447.4,11.5,11.5,12.2,13.9,11.7,12.4,,,,12.2,74.56666667,,,,,,,,
1281-1282,1281,NSL 53094,SC357,5,354.4,11.9,11.5,13.9,11,13.1,,,,,12.28,70.88,,,,,,,,
1273-1274,1273,Ames 27194,W401,6,227.1,13.9,12.9,11.7,11.6,12.6,13.2,,,,12.65,37.85,,,,,,,,
1267-1268,1267,Ames 27138,N28Ht,6,529.9,13.3,9.3,12.6,12.7,11.7,16,,,,12.6,88.31666667,,,,,,,,
1265-1266,1265,Ames 27174,NC356,6,327.3,9.5,10.5,8.3,10.3,9.6,11.2,,,,9.9,54.55,,,,,,,,
1271-1272,1271,PI 587150,Va35,7,836.3,17.3,19.2,17,20.2,18.8,18.6,14.9,,,18,119.4714286,,,,,,,,
1283-1284,1283,Ames 27182,NC372,6,782.8,14.5,14.4,16.5,15.8,17.8,14.1,,,,15.51666667,130.4666667,,,,,,,,
1275-1276,1275,PI 686066,SG18,6,364.2,13,15.2,12.5,13.2,14.4,12.4,,,,13.45,60.7,,,,,,,,
1257-1258,1257,PI 543916,Mp339,2,19.7,12.1,14.3,,,,,,,,13.2,9.85,,,,,,,,
1261-1262,1261,Ames 27124,Ki11,6,254.2,16.4,16.1,13.2,13.8,14.9,18,,,,15.4,42.36666667,,,,,,,,
1253-1254,1253,PI 550472,B57,6,802.5,11.7,11.2,12.6,20.3,12.8,12,,,,13.43333333,133.75,,,,,,,,
1255-1256,1255,PI 587128,H84,6,317.8,11.4,13.2,10.8,15.6,10.9,12.2,,,,12.35,52.96666667,,,,,,,,
1277-1278,1277,Ames 27190,T234,7,573.2,12.2,13.7,14.1,13.5,13.5,16,13.3,,,13.75714286,81.88571429,,,,,,,,
1259-1260,1259,Ames 12732,NC232,6,777.4,14.2,13,14,13.6,15.4,14.2,,,,14.06666667,129.5666667,,,,,,,,
2071-2072,2071,Ames 27162,NC332,6,522.4,13.8,10.7,14,9.4,17,14,,,,13.15,87.06666667,,,,,,,,
2063-2064,2063,Ames 27070,CM7,7,107.7,10.8,11.5,11.4,10,10.3,11.3,9,,,10.61428571,15.38571429,,,,,,,,
2055-2056,2055,Ames 19316,CM174,6,345.1,10.9,11.1,12.9,12.4,11.7,12.4,,,,11.9,57.51666667,,,,,,,,
2067-2068,2067,Ames 27104,CMV3,7,171.5,10,8.4,10.7,9.3,10.4,8.7,10,,,9.642857143,24.5,,,,,,,,
2061-2062,2061,Ames 27106,CO125,6,246.5,10.5,10.8,9.6,13.4,11.9,11.2,,,,11.23333333,41.08333333,,,,,,,,
2065-2066,2065,Ames 24734,MS153,6,369.2,12.5,7.4,12,12.4,9.4,13.7,,,,11.23333333,61.53333333,,,,,,,,
2073-2074,2073,PI 550490,ND246,9,348.2,10.4,13.6,10.7,10.8,14.4,15,13.9,12.1,12.3,12.57777778,38.68888889,,,,,,,,
2083-2084,2083,Ames 28186,P39,4,76.2,13.6,12.4,13.3,14.2,,,,,,13.375,19.05,,,,,,,,
2075-2076,2075,Ames 19288,Oh43,6,537.2,18.7,18.5,14.6,20,17.9,16.1,,,,17.63333333,89.53333333,,,,,,,,
2079-2080,2079,PI 524969,SD44,5,115.1,12.9,8.4,11.3,11.5,9.2,,,,,10.66,23.02,,,,,,,,
2081-2082,2081,Ames 19016,Va59,1,53.6,8.1,,,,,,,,,8.1,53.6,,,,,,,,
2069-2070,2069,Ames 27105,CO106,6,205.6,7.5,8.1,9.6,13.5,11.2,11.7,,,,10.26666667,34.26666667,,,,,,,,
2077-2078,2077,Ames 27154,NC316,1,20.4,7.7,,,,,,,,,7.7,20.4,,,,,,,,
2057-2058,2057,PI 257507,F7,8,221,11.9,13.7,11.4,11.9,12.2,12.8,13.4,13.1,,12.55,27.625,,,,,,,,
2053-2054,2053,Ames 19311,A641,5,187.5,15.9,11,19.3,15.5,14.6,,,,,15.26,37.5,,,,,,,,
2047-2048,2047,Ames 23405,A239,7,466.5,11.4,13.5,12.2,11.2,11.6,11.2,11.5,,,11.8,66.64285714,,,,,,,,
2041-2042,2041,Ames 27185,,6,420.1,12.5,14.2,14.9,13,13.1,12.7,,,,13.4,70.01666667,,,,,,,,
2045-2046,2045,NSL 81599,A659,6,419.6,12.3,12.1,13.7,11.1,10,13.2,,,,12.06666667,69.93333333,,,,,,,,
2059-2060,2059,PI 686057,I29,6,602.5,10.5,10.5,13.1,13.2,11.7,12.3,,,,11.88333333,100.4166667,,,,,,,,
2051-2052,2051,Ames 27067,C49A,4,48.7,9.7,10.8,7,7.4,,,,,,8.725,12.175,,,,,,,,
1509-1510,1509,Ames 27101,CML333,6,285.2,10.5,12.7,11.4,9.5,14,9,,,,11.18333333,47.53333333,,,,,,,,
4481-4482,4481,Ames 27154,NC316,9,257.2,16.4,15.7,16.7,15.5,17.4,17.4,15.8,14.1,15.9,16.1,28.57777778,,,,,,,,
4415-4416,4415,Ames 27169,NC346,6,111.5,11.8,11.7,10.1,8.8,9.1,12.7,,,,10.7,18.58333333,,,,,,,,
4383-4384,4383,PI 587154,W153R,5,259.9,11,12.1,12.4,13.3,14.2,,,,,12.6,51.98,,,,,,,,
4419-4420,4419,Ames 27110,E2558W,2,40.9,13.6,8.8,,,,,,,,11.2,20.45,,,,,,,,
4371-4372,4371,Ames 19326,R168,6,246.4,10.4,11.8,11.7,11.9,12.5,10.5,,,,11.46666667,41.06666667,,,,,,,,
4477-4478,4477,Ames 27163,NC334,6,339.3,12.1,15.6,11.1,13.2,11.9,13.3,,,,12.86666667,56.55,,,,,,,,
4433-4434,4433,check,check,6,1330.5,15,15.4,15.5,20.3,19.4,21.2,,,,17.8,221.75,,,,,,,,
4373-4374,4373,Ames 27150,NC308,7,524.2,12.4,14.1,15,12.7,14.3,12.5,11.7,,,13.24285714,74.88571429,,,,,,,,
4437-4438,4437,Ames 27179,NC366,6,372.1,11.6,12.9,13.1,12.1,12.6,12.2,,,,12.41666667,62.01666667,,,,,,,,
4375-4376,4375,PI 550490,ND246,7,199.6,15.9,14.5,13.3,12,13.6,9.6,10.8,,,12.81428571,28.51428571,,,,,,,,
4369-4370,4369,NSL 30867,M14,7,668.4,17.5,11.2,15,15,18.1,16.7,18.7,,,16.02857143,95.48571429,,,,,,,,
4439-4440,4439,PI 606330,DE2,7,393.8,7.7,12.5,11,13.8,9.4,10.5,10.3,,,10.74285714,56.25714286,,,,,,,,
4381-4382,4381,Ames 27162,NC332,6,500.2,9.5,15.7,10.6,13.6,14,14.3,,,,12.95,83.36666667,,,,,,,,
4451-4452,4451,check,check,6,1418,17.3,17.7,18.8,17.5,20.7,20.6,,,,18.76666667,236.3333333,,,,,,,,
4483-4484,4483,Ames 19016,Va59,5,139.6,16.3,15,13.2,18.5,16.8,,,,,15.96,27.92,,,,,,,,
4379-4380,4379,Ames 19330,W182B,6,148.2,16.3,9.5,15.5,11.3,20.5,15.4,,,,14.75,24.7,,,,,,,,
1521-1522,1521,Ames 27144,NC296,6,277.4,12,14.2,12.5,10.5,9.5,10.5,,,,11.53333333,46.23333333,,,,,,,,
4479-4480,4479,PI 587145,NC268,6,346.5,14.1,7.7,10,10.6,15.5,12.7,,,,11.76666667,57.75,,,,,,,,
4469-4470,4469,Ames 28364,IA2132,7,450.2,11.6,11.7,13.5,13.9,9.4,11.4,11.9,,,11.91428571,64.31428571,,,,,,,,
4441-4442,4441,PI 506253,Tzi18,6,385.1,14.6,12.9,14.9,14.6,14.7,11.6,,,,13.88333333,64.18333333,,,,,,,,
4471-4472,4471,Ames 19288,Oh43,8,661.2,15.9,17,14,16,17.7,17.9,14.5,15.5,,16.0625,82.65,,,,,,,,
4445-4446,4445,PI 550440,B64,7,305.3,9.2,15.3,13,15.5,16.3,17,12.1,,,14.05714286,43.61428571,,,,,,,,
4459-4460,4459,check,check,6,1543.9,17.8,15.9,20.7,21.9,20.1,18.7,,,,19.18333333,257.3166667,,,,,,,,
4431-4432,4431,Ames 26808,Ill.Hy,6,570.3,11.5,9.5,10.9,13,15.2,12.6,,,,12.11666667,95.05,,,,,,,,
4443-4444,4443,PI 587124,CM105,8,407,12.2,12.2,15.7,15.4,15,15.8,14,14.8,,14.3875,50.875,,,,,,,,
4465-4466,4465,Ames 27135,MEF156-55-2,2,41.8,15,11.5,,,,,,,,13.25,20.9,,,,,,,,
4429-4430,4429,PI 558520,Mo1W,7,354,11.9,8.5,9.9,11.1,12.3,12.2,7.4,,,10.47142857,50.57142857,,,,,,,,
4453-4454,4453,PI 607521,A661,8,228.1,11.2,8.1,13.9,13.4,8.7,11.1,7.5,8.1,,10.25,28.5125,,,,,,,,
4475-4476,4475,Ames 27161,NC330,4,481.1,15.4,15.8,15,17.2,,,,,,15.85,120.275,,,,,,,,
4427-4428,4427,Ames 27166,NC340,6,689.7,17,15,15.7,19.7,15.2,12.7,,,,15.88333333,114.95,,,,,,,,
4457-4458,4457,Ames 24734,MS153,8,550,6.2,11,15.6,13.4,8.7,16.1,11,9,,11.375,68.75,,,,,,,,
4463-4464,4463,PI 583352,Mo47,6,420.1,12,12,12.3,11.9,10.5,13.9,,,,12.1,70.01666667,,,,,,,,
4435-4436,4435,Ames 27131,Ky226,6,332.1,7.8,13,11.8,8.1,11.9,8.3,,,,10.15,55.35,,,,,,,,
4447-4448,4447,PI 594046,B103,7,402.9,12.6,14.9,14.3,16.9,13.3,16.3,14.6,,,14.7,57.55714286,,,,,,,,
4461-4462,4461,Ames 20190,CM37,8,94.3,8.4,11,8.7,8.4,8.9,6.4,8,7.6,,8.425,11.7875,,,,,,,,
4449-4450,4449,Ames 27067,C49A,6,95.4,10.3,11,12,5.9,7.6,12.2,,,,9.833333333,15.9,,,,,,,,
4467-4468,4467,Ames 27105,CO106,3,109.4,12.4,12.6,12.9,,,,,,,12.63333333,36.46666667,,,,,,,,
3019-3020,3019,check,check,6,658.7,12.2,12.8,12.3,16.5,12.3,12.7,,,,13.13333333,109.7833333,,,,,,,,
3011-3012,3011,Ames 26604,38-11,6,59,5,8.5,5.2,12.2,8.6,7.1,,,,7.766666667,9.833333333,,,,,,,,
3007-3008,3007,PI 595550,CML277,6,175.9,7.9,9.1,12.5,8.7,7.6,8.5,,,,9.05,29.31666667,,,,,,,,
3009-3010,3009,check,check,6,771.5,15.3,13,11.8,14.5,13.6,13.5,,,,13.61666667,128.5833333,,,,,,,,
3015-3016,3015,check,check,6,675.8,8.5,14.6,14,14.2,14,10.5,,,,12.63333333,112.6333333,,,,,,,,
3013-3014,3013,check,check,6,852.7,15.5,16.9,14.5,14.1,14,12.3,,,,14.55,142.1166667,,,,,,,,
3001-3002,3001,PI 406112,A214N,5,154.4,8.5,13.9,13.2,15.5,14.5,,,,,13.12,30.88,,,,,,,,
3005-3006,3005,Ames 27081,CML103,6,341.4,16.7,9.7,16.2,16,13.4,17,,,,14.83333333,56.9,,,,,,,,
3017-3018,3017,Ames 27156,NC320,6,225.3,6.2,11.2,11.3,9.3,9.3,9,,,,9.383333333,37.55,,,,,,,,
3003-3004,3003,NSL 65865,B10,6,354.6,14.5,19.5,14.1,15.5,13.1,12.9,,,,14.93333333,59.1,,,,,,,,
3021-3022,3021,NSL 22893,F44,5,98.5,10.5,10.9,9.1,5.4,6.6,,,,,8.5,19.7,,,,,,,,
3025-3026,3025,Ames 28184,CML69,3,43.2,12,10,10.6,,,,,,,10.86666667,14.4,,,,,,,,
3037-3038,3037,check,check,6,775.3,13.8,15.4,12.2,12.1,15.5,17.5,,,,14.41666667,129.2166667,,,,,,,,
3033-3034,3033,PI 506253,Tzi18,6,449.4,8.2,13.5,10.7,16.9,13,12,,,,12.38333333,74.9,,,,,,,,
3039-3040,3039,Ames 26808,Ill.Hy,4,331.8,8.9,12,12.2,14.7,,,,,,11.95,82.95,,,,,,,,
3029-3030,3029,Ames 22748,H100,6,269.3,12.7,7.5,7.7,5.7,12.8,16.5,,,,10.48333333,44.88333333,,,,,,,,
3027-3028,3027,PI 550558,DE811,6,470.8,10.9,11.4,12.4,13.9,12.1,10.9,,,,11.93333333,78.46666667,,,,,,,,
3035-3036,3035,PI 506246,Tzi8,6,158.1,9.1,8.4,8.7,9.2,7.2,11.4,,,,9,26.35,,,,,,,,
3041-3042,3041,PI 257506,F2,6,106.1,10.8,12,10.9,12.5,7.8,11.8,,,,10.96666667,17.68333333,,,,,,,,
3031-3032,3031,PI 558520,Mo1W,3,208.7,10.4,11.2,12.2,,,,,,,11.26666667,69.56666667,,,,,,,,
3043-3044,3043,Ames 22443,A188,6,230.9,9.9,10.1,12.8,10.3,14.3,10.4,,,,11.3,38.48333333,,,,,,,,
3023-3024,3023,Ames 27134,M162W,6,668.3,13,12,11.4,10.1,12.8,12.8,,,,12.01666667,111.3833333,,,,,,,,
2383-2384,2383,Ames 27179,NC366,6,149.4,9.9,13.5,12.6,10.1,11.2,13.5,,,,11.8,24.9,,,,,,,,
2379-2380,2379,PI 506255,Tzi25,6,336.1,15.6,10.5,11.2,14.5,15.4,12.5,,,,13.28333333,56.01666667,,,,,,,,
2377-2378,2377,PI 540745,Tzi11,6,127,13,6.6,11.5,14.1,14,12,,,,11.86666667,21.16666667,,,,,,,,
1503-1504,1503,PI 406112,A214N,6,346,17.5,17,16.5,16,16.7,17.5,,,,16.86666667,57.66666667,,,,,,,,
2375-2376,2375,Ames 22748,H100,6,413.3,13,17.2,16.9,19.5,11.3,13.3,,,,15.2,68.88333333,,,,,,,,
2373-2374,2373,Ames 27131,Ky226,6,378,14.3,13.1,12.7,10.7,10.2,9.4,,,,11.73333333,63,,,,,,,,
2367-2368,2367,Ames 27110,E2558W,6,312.8,12.8,14.2,13.5,14.3,15,15.5,,,,14.21666667,52.13333333,,,,,,,,
2381-2382,2381,check,check,6,1045.4,15.5,17.2,16.7,17,15.3,19.2,,,,16.81666667,174.2333333,,,,,,,,
2365-2366,2365,Ames 27144,NC296,6,416,13.5,15.2,13.9,13.1,15.2,13,,,,13.98333333,69.33333333,,,,,,,,
2363-2364,2363,PI 550558,DE811,2,88.8,13.9,10.9,,,,,,,,12.4,44.4,,,,,,,,
2357-2358,2357,Ames 27156,NC320,6,551.2,14,14.9,12.2,14.4,12.5,12.7,,,,13.45,91.86666667,,,,,,,,
2361-2362,2361,NSL 30038,K4,6,486.9,17.1,16.9,17.2,17.5,14.9,14.4,,,,16.33333333,81.15,,,,,,,,
2359-2360,2359,Ames 27165,NC338,7,947.7,12.3,13.1,16.2,17.9,19.3,17.1,12.8,,,15.52857143,135.3857143,,,,,,,,
2355-2356,2355,Ames 27101,CML333,3,125.5,12.1,12.1,11.2,,,,,,,11.8,41.83333333,,,,,,,,
2351-2352,2351,check,check,6,881.4,15.3,13,15.9,15.6,18.4,14.4,,,,15.43333333,146.9,,,,,,,,
2353-2354,2353,Ames 27081,CML103,6,305.2,14.9,14.3,14.3,9.9,12.5,10,,,,12.65,50.86666667,,,,,,,,
2369-2370,2369,check,check,6,737.1,14.4,14.2,11.5,17.1,14,10.4,,,,13.6,122.85,,,,,,,,
2479-2480,2479,PI 606330,DE2,6,485.6,14.7,14,11.5,11.5,14.6,12.5,,,,13.13333333,80.93333333,,,,,,,,
2451-2452,2451,PI 595561,CML52,6,115.9,11.6,10.2,7.9,8,6.5,9,,,,8.866666667,19.31666667,,,,,,,,
2467-2468,2467,check,check,6,1061.6,11.8,17.3,15.9,18.3,18,17,,,,16.38333333,176.9333333,,,,,,,,
2455-2456,2455,Ames 26604,38-11,6,268.2,6.9,11.7,10.9,17.8,8.7,13.5,,,,11.58333333,44.7,,,,,,,,
2465-2466,2465,PI 587144,Mo24W,3,436.3,17.2,20.5,17.1,,,,,,,18.26666667,145.4333333,,,,,,,,
2477-2478,2477,PI 257506,F2,2,30.8,16.5,9.2,,,,,,,,12.85,15.4,,,,,,,,
2461-2462,2461,Ames 27155,NC318,6,360.1,12.3,12.2,11.6,11.2,13.5,11.9,,,,12.11666667,60.01666667,,,,,,,,
2471-2472,2471,PI 550522,T232,3,195.2,14.4,12.4,12.3,,,,,,,13.03333333,65.06666667,,,,,,,,
2453-2454,2453,PI 595542,CML254,6,37.8,9.2,12.5,9.5,10.3,8.9,9,,,,9.9,6.3,,,,,,,,
2481-2482,2481,Ames 26808,Ill.Hy,6,528.4,13.1,12.1,11.5,11.7,11.4,11.9,,,,11.95,88.06666667,,,,,,,,
2457-2458,2457,Ames 27134,M162W,6,670.4,13.7,14,11.3,13.4,10.4,12.3,,,,12.51666667,111.7333333,,,,,,,,
2475-2476,2475,Ames 22763,Tx601,6,316,14,13.6,9.3,12.1,10.2,9.5,,,,11.45,52.66666667,,,,,,,,
2463-2464,2463,Ames 28184,CML69,6,283.8,11.1,12.3,10.2,12.9,20.5,13.5,,,,13.41666667,47.3,,,,,,,,
2469-2470,2469,Ames 27121,K64,6,262,12.5,8.7,12.6,6.8,8.5,12,,,,10.18333333,43.66666667,,,,,,,,
2459-2460,2459,Ames 10248,GA209,6,247.5,6.4,11.1,9,8.4,9.2,9.4,,,,8.916666667,41.25,,,,,,,,
2111-2112,2111,Ames 27087,CML220,6,222.9,10.5,10,10.9,9.5,10.5,12.1,,,,10.58333333,37.15,,,,,,,,
2113-2114,2113,Ames 27097,CML323,6,333.9,13,13,13.5,14,13.5,11.3,,,,13.05,55.65,,,,,,,,
2103-2104,2103,Ames 21512,CI31A,6,222.2,12.3,9,9.5,10.4,8.7,9.7,,,,9.933333333,37.03333333,,,,,,,,
2109-2110,2109,Ames 26138,CI187-2,6,326.6,16.3,18.5,12.7,15,11.1,10.7,,,,14.05,54.43333333,,,,,,,,
2105-2106,2105,check,check,6,983.8,13.5,23,15,15.9,14.5,19.4,,,,16.88333333,163.9666667,,,,,,,,
2101-2102,2101,Ames 19309,A635,6,480.2,13.2,14.5,15.5,15.1,16.2,14.6,,,,14.85,80.03333333,,,,,,,,
2123-2124,2123,PI 520774,NC264,5,352.6,10.5,13.8,9.1,11.1,11.4,,,,,11.18,70.52,,,,,,,,
2107-2108,2107,PI 594048,B105,7,626.8,15.6,17.4,15.1,15.5,15.6,13,15.5,,,15.38571429,89.54285714,,,,,,,,
2121-2122,2121,Ames 27174,NC356,5,266.6,10.5,9.7,9.2,10.6,9.3,,,,,9.86,53.32,,,,,,,,
2115-2116,2115,Ames 27141,NC290A,5,175,9,9.8,8,8.5,9,,,,,8.86,35,,,,,,,,
2119-2120,2119,check,check,6,801.1,18.3,13,11.5,14.3,13.5,11.9,,,,13.75,133.5166667,,,,,,,,
2137-2138,2137,NSL 53094,SC357,5,300.6,11.3,12,12.5,10.6,6.8,,,,,10.64,60.12,,,,,,,,
2133-2134,2133,Ames 19000,VaW6,3,141.5,15.6,16.5,12.5,,,,,,,14.86666667,47.16666667,,,,,,,,
2139-2140,2139,Ames 27176,NC360,6,407.6,10.9,15.5,13.7,13.5,15.8,13.5,,,,13.81666667,67.93333333,,,,,,,,
2135-2136,2135,PI 587151,Va102,6,514.1,15.7,13.2,15,15.1,12.5,13.2,,,,14.11666667,85.68333333,,,,,,,,
2131-2132,2131,Ames 27181,NC370,5,258.4,11,11.2,10.1,8.8,11.3,,,,,10.48,51.68,,,,,,,,
2117-2118,2117,Ames 27137,N6,6,322.4,11,12,11.1,11,6.4,11.2,,,,10.45,53.73333333,,,,,,,,
2127-2128,2127,Ames 28366,N7A,6,374,12,8,9,11.7,4.5,8,,,,8.866666667,62.33333333,,,,,,,,
2129-2130,2129,Ames 27190,T234,6,490.8,16.3,16.3,12.6,10.8,11.9,9.4,,,,12.88333333,81.8,,,,,,,,
2125-2126,2125,Ames 27158,NC324,7,419.9,12,11.5,11.3,11.3,11.6,12.6,10.3,,,11.51428571,59.98571429,,,,,,,,
4361-4362,4361,Ames 27106,CO125,7,247.6,9.8,8.7,9.2,8.9,12.7,7.7,11.9,,,9.842857143,35.37142857,,,,,,,,
4343-4344,4343,Ames 23405,A239,6,368.3,14.2,13.3,14.1,12.3,12,13.1,,,,13.16666667,61.38333333,,,,,,,,
4363-4364,4363,PI 587127,H105W,3,103.3,9.6,17,12.6,,,,,,,13.06666667,34.43333333,,,,,,,,
4365-4366,4365,Ames 24752,MS1334,6,156.5,15.9,13.9,15.4,15.9,17,10.3,,,,14.73333333,26.08333333,,,,,,,,
4367-4368,4367,PI 686063,IDS91,6,224.9,13.5,8.4,14.7,12.5,13.5,10.5,,,,12.18333333,37.48333333,,,,,,,,
4233-4234,4233,Ames 28367,CI7Goodman-Buckler,6,419.3,12.5,13.4,11.8,14.6,12.9,13.3,,,,13.08333333,69.88333333,,,,,,,,
4333-4334,4333,check,check,6,1436.2,20.1,18.6,17.6,18.4,19,19.4,,,,18.85,239.3666667,,,,,,,,
4337-4338,4337,Ames 22748,H100,6,288.6,15.4,16.9,10.3,17.2,8.4,6.4,,,,12.43333333,48.1,,,,,,,,
4329-4330,4329,PI 506247,Tzi9,6,693.6,14.4,13.9,15.6,15.4,15.1,16.9,,,,15.21666667,115.6,,,,,,,,
4243-4244,4243,PI 550472,B57,6,564.8,11.3,11.6,11.4,14,12.2,12,,,,12.08333333,94.13333333,,,,,,,,
4241-4242,4241,Ames 31535,38-11Goodman-Buckler,6,447.1,13.6,15.5,15.6,13,13.7,14.2,,,,14.26666667,74.51666667,,,,,,,,
4239-4240,4239,check,check,6,1213.1,16.7,18.3,20.3,20,16.8,20,,,,18.68333333,202.1833333,,,,,,,,
4245-4246,4245,check,check,6,1541.4,18.2,20.5,19.7,20.4,19.5,19.7,,,,19.66666667,256.9,,,,,,,,
4321-4322,4321,PI 587144,Mo24W,5,494.7,18,17.7,19.2,16,18.3,,,,,17.84,98.94,,,,,,,,
4269-4270,4269,Ames 27147,NC302,6,300.2,13.1,11,12.9,9.9,10.2,9.9,,,,11.16666667,50.03333333,,,,,,,,
4229-4230,4229,Ames 31536,A214NGoodman-Buckler,6,842.5,16.8,21.6,20.3,17.3,17.8,19.2,,,,18.83333333,140.4166667,,,,,,,,
4225-4226,4225,PI 558532,Mo17,6,762.2,18,17.6,18.9,19.4,17.4,18.1,,,,18.23333333,127.0333333,,,,,,,,
4277-4278,4277,Ames 27185,Pa875,6,434.5,8.7,15.5,11.8,13.1,11.3,12.4,,,,12.13333333,72.41666667,,,,,,,,
4279-4280,4279,Ames 27181,NC370,6,388.9,10.7,11.5,11.6,12.9,10.3,12.1,,,,11.51666667,64.81666667,,,,,,,,
4319-4320,4319,Ames 10248,GA209,6,338.2,10.4,11.8,8.4,12.1,10.5,12.3,,,,10.91666667,56.36666667,,,,,,,,
4247-4248,4247,Ames 22440,CI90C,4,201.9,10.2,12.3,12.4,9.9,,,,,,11.2,50.475,,,,,,,,
4235-4236,4235,PI 587132,Sg1533,6,204.8,10.8,11.7,10.8,10.5,10.6,8.9,,,,10.55,34.13333333,,,,,,,,
4325-4326,4325,Ames 27155,NC318,6,380.2,12.4,13.9,10.3,12.8,12.9,11.1,,,,12.23333333,63.36666667,,,,,,,,
4267-4268,4267,check,check,6,1377.1,20.4,21.2,22.1,18.2,15.1,19.7,,,,19.45,229.5166667,,,,,,,,
4231-4232,4231,CIze 44,CI44,6,273.1,11.9,9.5,7.4,9.5,9.5,10.2,,,,9.666666667,45.51666667,,,,,,,,
4237-4238,4237,Ames 24989,Va99,5,365.8,16.8,12.8,12.8,13,14.5,,,,,13.98,73.16,,,,,,,,
4227-4228,4227,Ames 27168,NC344,6,723.3,14.1,14.7,14.3,13.2,14.7,13.4,,,,14.06666667,120.55,,,,,,,,
4273-4274,4273,check,check,6,1344.6,17.5,17.8,17.6,16.3,20.5,19.2,,,,18.15,224.1,,,,,,,,
4217-4218,4217,NSL 28966,Oh40B,6,451.7,19.1,18.3,19.4,15.4,15.2,18.9,,,,17.71666667,75.28333333,,,,,,,,
4215-4216,4215,PI 517974,Pa880,6,452.1,9.5,13.2,13.7,13.8,14,12.5,,,,12.78333333,75.35,,,,,,,,
4223-4224,4223,Ames 27159,NC326,6,680,15.2,14.5,13,14.4,13.7,14.6,,,,14.23333333,113.3333333,,,,,,,,
4219-4220,4219,Ames 28939,Mo44,6,599.3,16.3,16.6,17.6,15.1,16.8,15.8,,,,16.36666667,99.88333333,,,,,,,,
4275-4276,4275,Ames 27184,Pa762,6,372.1,13.6,11.8,12.1,10.1,11.8,11,,,,11.73333333,62.01666667,,,,,,,,
4221-4222,4221,Ames 27180,NC368,6,522.2,10.6,12,11.3,9.6,9.7,11.4,,,,10.76666667,87.03333333,,,,,,,,
4209-4210,4209,Ames 27066,B164,6,437.7,13.4,15.6,17.1,16.8,10.5,14.9,,,,14.71666667,72.95,,,,,,,,
4213-4214,4213,PI 587140,A632,6,397.2,12.9,12.1,17.5,9.4,14.9,13.2,,,,13.33333333,66.2,,,,,,,,
4211-4212,4211,Ames 26769,B2,3,115.9,9.7,12,10.2,,,,,,,10.63333333,38.63333333,,,,,,,,
4203-4204,4203,Ames 27069,CH701-30,6,457.7,14.7,16.6,13.8,13.4,10.5,13.9,,,,13.81666667,76.28333333,,,,,,,,
3247-3248,3247,Ames 19316,CM174,6,359,17.5,12.2,16.1,12.5,12.9,12.6,,,,13.96666667,59.83333333,,,,,,,,
3265-3266,3265,NSL 30867,M14,6,313.3,8,10.5,13.8,6.5,15.5,14.1,,,,11.4,52.21666667,,,,,,,,
3243-3244,3243,Ames 23405,A239,6,302.5,12,12.2,11.3,12.4,13.1,14.6,,,,12.6,50.41666667,,,,,,,,
3249-3250,3249,PI 550483,B76,8,428.9,8.2,11.6,15.5,8.8,11.4,13,14.9,14,,12.175,53.6125,,,,,,,,
3241-3242,3241,check,check,6,819.3,20,14,14.1,12.6,11.7,11.8,,,,14.03333333,136.55,,,,,,,,
3239-3240,3239,Ames 27179,NC366,5,253.7,12.8,14.2,13.1,12.9,9.9,,,,,12.58,50.74,,,,,,,,
3253-3254,3253,PI 550440,B64,6,261.5,15.5,15.1,12.9,14.9,15.3,12,,,,14.28333333,43.58333333,,,,,,,,
3259-3260,3259,PI 257507,F7,6,126.2,12.8,12.9,10.6,12.5,13.2,12,,,,12.33333333,21.03333333,,,,,,,,
3251-3252,3251,PI 587141,A654,7,775.2,16.3,15.7,17.6,11.1,17.8,15.9,14.5,,,15.55714286,110.7428571,,,,,,,,
3261-3262,3261,Ames 27105,CO106,1,16.1,11.6,,,,,,,,,11.6,16.1,,,,,,,,
3257-3258,3257,Ames 24734,MS153,6,443.9,11.7,13,10.5,11.6,12.8,15.4,,,,12.5,73.98333333,,,,,,,,
3271-3272,3271,PI 531085,NC262,6,429.1,12.1,11.8,15.2,9.6,9.1,11.1,,,,11.48333333,71.51666667,,,,,,,,
3267-3268,3267,Ames 28364,IA2132,6,459.7,20.4,15,13.6,14.5,15.1,19.1,,,,16.28333333,76.61666667,,,,,,,,
3269-3270,3269,Ames 27070,CM7,8,116.4,9.1,11.2,10.1,11.9,8.1,11.5,12.4,10.7,,10.625,14.55,,,,,,,,
3273-3274,3273,check,check,6,946.3,15.6,15.1,14.8,15.5,14.7,17.1,,,,15.46666667,157.7166667,,,,,,,,
3275-3276,3275,Ames 19326,R168,4,121.7,10.6,8.7,10.3,8.9,,,,,,9.625,30.425,,,,,,,,
3263-3264,3263,Ames 27104,CMV3,6,139.4,7.5,11.4,8.5,12.5,13.4,9.4,,,,10.45,23.23333333,,,,,,,,
3255-3256,3255,Ames 19308,A634,6,450.5,14.8,14.1,15.8,14.9,14.9,12.6,,,,14.51666667,75.08333333,,,,,,,,
3277-3278,3277,Ames 27150,NC308,6,432.7,15.4,13.1,12.3,15.5,13,12.8,,,,13.68333333,72.11666667,,,,,,,,
3279-3280,3279,PI 550566,N192,6,629.2,18.7,17.3,16.5,16.8,17.2,15.2,,,,16.95,104.8666667,,,,,,,,
3281-3282,3281,Ames 27161,NC330,3,381.7,16.7,15.1,15.7,,,,,,,15.83333333,127.2333333,,,,,,,,
3283-3284,3283,check,check,6,1155.1,14.4,16.6,17.5,17,18.6,18.4,,,,17.08333333,192.5166667,,,,,,,,
1105-1106,1105,Ames 22443,A188,6,293.8,10.6,10.5,11.8,11.8,12.4,10.2,,,,11.21666667,48.96666667,,,,,,,,
1103-1104,1103,PI 608774,B75,6,504.1,11.7,12,14.1,12.8,13.9,11.8,,,,12.71666667,84.01666667,,,,,,,,
1101-1102,1101,Ames 19316,CM174,6,373,14.8,11.4,12.6,11.3,14.5,14.5,,,,13.18333333,62.16666667,,,,,,,,
1107-1108,1107,PI 594046,B103,6,428.7,11.6,12,10.4,13.9,15.4,15.5,,,,13.13333333,71.45,,,,,,,,
1117-1118,1117,Ames 20190,CM37,6,120.6,12.2,13.8,10.1,11.8,12.3,9.7,,,,11.65,20.1,,,,,,,,
1131-1132,1131,check,check,6,1471.7,19.7,19.2,16.9,20.7,20.3,19.5,,,,19.38333333,245.2833333,,,,,,,,
1127-1128,1127,Ames 27070,CM7,6,81.9,8,12.7,9.2,7.2,11.5,5.6,,,,9.033333333,13.65,,,,,,,,
1113-1114,1113,Ames 27067,C49A,6,159.2,14.3,10.6,9.1,12.3,12.5,13.1,,,,11.98333333,26.53333333,,,,,,,,
1111-1112,1111,PI 587139,A619,3,146,13.7,9.3,9.4,,,,,,,10.8,48.66666667,,,,,,,,
1119-1120,1119,PI 587135,Ia5125,4,82.1,6.8,6.8,6.7,6.7,,,,,,6.75,20.525,,,,,,,,
1125-1126,1125,Ames 27107,CO255,6,183.9,12.7,12.7,13.5,13.6,11.3,13.1,,,,12.81666667,30.65,,,,,,,,
1129-1130,1129,Ames 27154,NC316,1,1.5,4,,,,,,,,,4,1.5,,,,,,,,
1133-1134,1133,PI 587154,W153R,7,281.2,10.1,8.9,9.5,7.7,7,7.6,7.8,,,8.371428571,40.17142857,,,,,,,,
1139-1140,1139,check,check,6,1250.3,17.2,18.3,16.7,20.5,13,20.7,,,,17.73333333,208.3833333,,,,,,,,
1137-1138,1137,Ames 19288,Oh43,6,588.9,18.9,18.5,16,14.7,12.3,19,,,,16.56666667,98.15,,,,,,,,
1135-1136,1135,Ames 27162,NC332,6,760.6,14.4,15.5,15.1,16,10.1,15.5,,,,14.43333333,126.7666667,,,,,,,,
1123-1124,1123,PI 686063,IDS91,6,217.1,14.1,13.4,13.7,13.6,11.7,12.6,,,,13.18333333,36.18333333,,,,,,,,
1109-1110,1109,check,check,6,1272.2,19.2,17,16.7,16.9,18.8,17,,,,17.6,212.0333333,,,,,,,,
4207-4208,4207,check,check,6,1307.2,18.8,18.4,17.8,18.6,20.7,14.7,,,,18.16666667,217.8666667,,,,,,,,
4281-4282,4281,NSL 30053,W22,6,355.8,13.5,13.1,12,16.2,8.2,12.9,,,,12.65,59.3,,,,,,,,
4205-4206,4205,PI 608767,B84,6,301.7,14.4,12.9,8.3,11.3,9.4,10.8,,,,11.18333333,50.28333333,,,,,,,,
4255-4256,4255,check,check,6,1133,18.7,15.6,18.8,18.8,20.3,16.8,,,,18.16666667,188.8333333,,,,,,,,
4265-4266,4265,Ames 12731,NC230,6,454.2,11.8,14.8,10.2,11.7,10.2,11.9,,,,11.76666667,75.7,,,,,,,,
4283-4284,4283,Ames 19323,Oh7B,6,520.7,15.2,14,16.5,13.7,13.6,15.4,,,,14.73333333,86.78333333,,,,,,,,
4201-4202,4201,Ames 27065,B73Htrhm,3,149.1,7.3,9.8,15.3,,,,,,,10.8,49.7,,,,,,,,
4259-4260,4259,PI 550555,NC250,6,344.6,13,11.3,15.5,9.7,11.9,10,,,,11.9,57.43333333,,,,,,,,
4257-4258,4257,Ames 28366,N7A,5,509,11.2,13.9,14,11.9,12.8,,,,,12.76,101.8,,,,,,,,
4261-4262,4261,PI 543916,Mp339,6,383.5,13.4,14.7,15.4,12.7,13,13,,,,13.7,63.91666667,,,,,,,,
4263-4264,4263,Ames 27124,Ki11,6,421.3,17.8,13.1,15.5,13.2,12.4,17,,,,14.83333333,,,,,,,,,
4253-4254,4253,PI 587128,H84,6,561.5,13.2,11.5,14.2,11.2,12.6,13.6,,,,12.71666667,93.58333333,,,,,,,,
4249-4250,4249,Ames 21512,CI31A,7,580.9,13.5,15.5,13.2,11.3,13.5,12.5,13.5,,,13.28571429,82.98571429,,,,,,,,
4251-4252,4251,PI 594047,B104,7,665.5,13.6,16.7,13.7,14.5,10.3,14.9,14.5,,,14.02857143,95.07142857,,,,,,,,
4081-4082,4081,PI 573098,Oh603,6,364,12.4,12.5,12.2,14.6,14,13.5,,,,13.2,60.66666667,,,,,,,,
4077-4078,4077,PI 686066,SG18,7,316.1,13,11.9,12.6,10,11.5,12,12.3,,,11.9,45.15714286,,,,,,,,
4073-4074,4073,Ames 8399,W117HT,4,88.3,12.5,5.9,8,7.8,,,,,,8.55,22.075,,,,,,,,
4083-4084,4083,PI 587150,Va35,6,359.6,12.3,10.4,12.2,11,12.1,10.8,,,,11.46666667,59.93333333,,,,,,,,
4079-4080,4079,Ames 19000,VaW6,3,273.2,17.8,22,18,,,,,,,19.26666667,91.06666667,,,,,,,,
4071-4072,4071,Ames 27190,T234,6,373,14,15.3,11.5,13.3,10.5,10.7,,,,12.55,62.16666667,,,,,,,,
4067-4068,4067,PI 583351,Mo46,6,382.4,12,6,8,10.5,11,9.8,,,,9.55,63.73333333,,,,,,,,
4065-4066,4065,check,check,6,1126.7,19.5,15.3,17.4,18.6,16.3,18.3,,,,17.56666667,187.7833333,,,,,,,,
4075-4076,4075,PI 587151,Va102,6,469.7,12,14.2,15,13.6,16.1,14.7,,,,14.26666667,78.28333333,,,,,,,,
4069-4070,4069,Ames 27141,NC290A,6,476.8,11.5,13,11.5,12.7,11.7,12.1,,,,12.08333333,79.46666667,,,,,,,,
4051-4052,4051,Ames 27112,F2834T,6,204.4,12,11.6,12,11.4,11.4,13.5,,,,11.98333333,34.06666667,,,,,,,,
4055-4056,4055,PI 594048,B105,6,519.3,17.6,18,18.2,15.2,13.2,17.5,,,,16.61666667,86.55,,,,,,,,
4037-4038,4037,PI 550518,T8,6,398.3,14.8,13.8,15,15,9.5,9.8,,,,12.98333333,66.38333333,,,,,,,,
4061-4062,4061,PI 520774,NC264,6,451.8,11.3,11.3,12,12.4,10,11.7,,,,11.45,75.3,,,,,,,,
4063-4064,4063,Ames 27175,NC358,6,274.1,12.5,11.8,13.5,10.5,12.7,9.5,,,,11.75,45.68333333,,,,,,,,
4057-4058,4057,Ames 27138,N28Ht,5,351.8,14.8,10.5,13.6,8.9,9.7,,,,,11.5,70.36,,,,,,,,
4041-4042,4041,PI 587149,Va26,6,592.4,13.4,15.2,15.3,11.5,14.5,12,,,,13.65,98.73333333,,,,,,,,
4053-4054,4053,Ames 19309,A635,6,382,18.4,14.4,12.2,8.9,13.7,14.8,,,,13.73333333,63.66666667,,,,,,,,
4045-4046,4045,Ames 19319,H95,6,427.1,13,12.1,14.3,14.3,14.7,14.4,,,,13.8,71.18333333,,,,,,,,
4059-4060,4059,Ames 27158,NC324,7,440.5,11.4,11.4,12.6,12,9.5,10.6,8.7,,,10.88571429,62.92857143,,,,,,,,
4047-4048,4047,PI 608766,B79,6,299.8,10,8.3,9.5,10.2,9.2,12,,,,9.866666667,49.96666667,,,,,,,,
4039-4040,4039,Ames 26771,33-16,6,507.2,16,14.7,14.5,14,9.5,13,,,,13.61666667,84.53333333,,,,,,,,
4049-4050,4049,PI 606329,DE1,3,291.5,13,15.5,9,,,,,,,12.5,97.16666667,,,,,,,,
4043-4044,4043,Ames 27097,CML323,6,365.7,13.5,12,15.5,13,14.6,13.4,,,,13.66666667,60.95,,,,,,,,
2437-2438,2437,PI 550518,T8,6,251.2,12,11,13,11.8,10.9,13.5,,,,12.03333333,41.86666667,,,,,,,,
2435-2436,2435,Ames 31535,38-11Goodman-Buckler,6,266.3,12.7,16,11.1,7,12.5,12.8,,,,12.01666667,44.38333333,,,,,,,,
2447-2448,2447,check,check,6,482.4,10,10.5,10.6,13,11.2,9.5,,,,10.8,80.4,,,,,,,,
2433-2434,2433,Ames 27196,Yu796_NS,6,287.3,9.5,9.5,9.4,8.8,10.1,8.2,,,,9.25,47.88333333,,,,,,,,
2431-2432,2431,Ames 31536,A214NGoodman-Buckler,6,576.3,19.5,19,17.5,14.2,18.3,11.5,,,,16.66666667,96.05,,,,,,,,
2439-2440,2439,PI 606768,SD40,6,349,12.8,11.8,11.8,12.8,10.4,10.4,,,,11.66666667,58.16666667,,,,,,,,
2445-2446,2445,check,check,6,386.4,11.6,9.1,10.3,7.9,10.5,10.2,,,,9.933333333,64.4,,,,,,,,
2441-2442,2441,Ames 24989,Va99,6,396.2,12.8,10.8,15,13.3,8.5,12.1,,,,12.08333333,66.03333333,,,,,,,,
2429-2430,2429,Ames 19293,Wf9,6,593.6,12.8,11.5,10.7,12.4,13.5,18,,,,13.15,98.93333333,,,,,,,,
2421-2422,2421,Ames 27159,NC326,6,634.2,15,14.5,14.5,13.8,13.7,14.8,,,,14.38333333,105.7,,,,,,,,
2427-2428,2427,Ames 27118,Il14H,6,240.2,12.3,7.5,13.3,10.7,11,10.7,,,,10.91666667,40.03333333,,,,,,,,
2415-2416,2415,NSL 65874,Os420,6,506.7,13.3,12.6,12.5,14,14.8,10,,,,12.86666667,84.45,,,,,,,,
2443-2444,2443,check,check,6,591.6,12.5,10.8,13,14.1,12.1,12.7,,,,12.53333333,98.6,,,,,,,,
2425-2426,2425,Ames 27160,NC328,6,605.1,14.3,13.4,13.6,13.5,13.5,12.6,,,,13.48333333,100.85,,,,,,,,
2423-2424,2423,Ames 27143,NC294,6,436.2,13.1,12.4,15,12.8,12,12.5,,,,12.96666667,72.7,,,,,,,,
2417-2418,2417,PI 517974,Pa880,6,445.1,10.6,12,11.6,13.6,11,14,,,,12.13333333,74.18333333,,,,,,,,
2409-2410,2409,PI 587140,A632,3,179.7,15.7,14.5,10.5,,,,,,,13.56666667,59.9,,,,,,,,
2413-2414,2413,Ames 27069,CH701-30,6,302.4,12,12.3,13.3,8.5,12.7,14.3,,,,12.18333333,50.4,,,,,,,,
2411-2412,2411,Ames 26769,B2,3,160.4,16.7,13.2,8,,,,,,,12.63333333,53.46666667,,,,,,,,
2419-2420,2419,Ames 28939,Mo44,6,419.9,13,15.3,10.9,15.3,14.6,13.8,,,,13.81666667,69.98333333,,,,,,,,
2449-2450,2449,Ames 27086,CML218,6,201.9,12.8,13,8.5,14,11.3,13.7,,,,12.21666667,33.65,,,,,,,,
2407-2408,2407,PI 608765,B77,6,402.3,16,17,14.2,12.5,12.7,13.3,,,,14.28333333,67.05,,,,,,,,
2405-2406,2405,PI 550473,B73,6,722.8,12.5,14.6,14.6,14.8,13.5,15,,,,14.16666667,120.4666667,,,,,,,,
2403-2404,2403,NSL 30904,4226,6,608.3,16,12.6,14.3,16,15,14.9,,,,14.8,101.3833333,,,,,,,,
2401-2402,2401,Ames 27114,H91,2,184.6,20.5,18,,,,,,,,19.25,92.3,,,,,,,,
2583-2584,2583,PI 587147,Pa91,5,172.7,12.8,9.8,11.5,13.5,9.5,,,,,11.42,34.54,,,,,,,,
2577-2578,2577,check,check,6,1179.3,16.5,14.5,18.5,19.1,18.6,18.7,,,,17.65,196.55,,,,,,,,
2565-2566,2565,check,check,6,732.9,16,12.9,16.5,13.5,13.8,11.5,,,,14.03333333,122.15,,,,,,,,
2575-2576,2575,PI 558520,Mo1W,2,47.2,7.3,7.3,,,,,,,,7.3,23.6,,,,,,,,
2571-2572,2571,check,check,6,810.2,16.5,13.5,17.5,15.3,14.5,14.4,,,,15.28333333,135.0333333,,,,,,,,
2579-2580,2579,Ames 27129,KUI2021,6,217.1,13,13,13.2,14.5,15.5,8.9,,,,13.01666667,36.18333333,,,,,,,,
2581-2582,2581,Ames 27119,Il101T,6,213.6,13.4,13.3,10.1,10,10.5,8,,,,10.88333333,35.6,,,,,,,,
2573-2574,2573,check,check,6,836.3,19.6,16.3,12,13.6,16.1,13.1,,,,15.11666667,139.3833333,,,,,,,,
2569-2570,2569,Ames 27169,NC346,6,144.7,9.4,13.3,10.5,11,12.5,10.5,,,,11.2,24.11666667,,,,,,,,
2557-2558,2557,PI 531084,NC258,6,256.8,8.3,10.2,10.1,10.5,9.8,8.6,,,,9.583333333,42.8,,,,,,,,
2563-2564,2563,Ames 27133,M37W,6,339.8,14.8,15,14.4,15.3,13.7,8.2,,,,13.56666667,56.63333333,,,,,,,,
2567-2568,2567,Ames 27170,NC348,6,220.3,12,10.5,13.5,13.9,12.3,11.5,,,,12.28333333,36.71666667,,,,,,,,
2555-2556,2555,check,check,6,959,13.6,19,15.3,16.6,20.8,10.8,,,,16.01666667,159.8333333,,,,,,,,
2559-2560,2559,NSL 22893,F44,6,78.1,10,8.4,6.5,8.5,7.3,7.4,,,,8.016666667,13.01666667,,,,,,,,
2561-2562,2561,Ames 12729,NC222,6,253.8,9.1,9.8,6.4,7.6,8.5,11.7,,,,8.85,42.3,,,,,,,,
2549-2550,2549,PI 406112,A214N,7,284.8,14.4,16,17.3,15.3,15.1,16.7,18,,,16.11428571,40.68571429,,,,,,,,
2553-2554,2553,Ames 27095,CML321,6,253.7,15,15,16.6,14.3,12.9,11.7,,,,14.25,42.28333333,,,,,,,,
2551-2552,2551,PI 587130,4722,6,234.3,11.7,10.6,14.3,12.2,12.2,12.3,,,,12.21666667,39.05,,,,,,,,
2547-2548,2547,PI 550465,B68,6,141.9,14.7,11.6,11.5,15.1,14.7,8.5,,,,12.68333333,23.65,,,,,,,,
2545-2546,2545,Ames 27096,CML322,6,247.9,12.5,7,10.3,8.9,13.2,9.7,,,,10.26666667,41.31666667,,,,,,,,
4525-4526,4525,PI 550558,DE811,3,166.2,10.7,12.2,9,,,,,,,10.63333333,55.4,,,,,,,,
4555-4556,4555,Ames 19311,A641,6,224.3,13.6,13,15.6,15,16.3,15.7,,,,14.86666667,37.38333333,,,,,,,,
4529-4530,4529,PI 506246,Tzi8,6,94.1,9,9,10.3,9.7,11,9.7,,,,9.783333333,15.68333333,,,,,,,,
4557-4558,4557,check,check,6,1541,19.5,20.6,19.1,20,18.7,19.5,,,,19.56666667,256.8333333,,,,,,,,
4533-4534,4533,PI 587147,Pa91,6,490,12,12.1,12.2,14,14.5,12,,,,12.8,81.66666667,,,,,,,,
4527-4528,4527,Ames 27156,NC320,6,581.3,12.5,13.3,11.6,9,12.8,14,,,,12.2,96.88333333,,,,,,,,
4531-4532,4531,PI 540745,Tzi11,4,68.8,12,9.8,11,11.9,,,,,,11.175,17.2,,,,,,,,
4523-4524,4523,Ames 27134,M162W,7,804.1,12.1,14.1,12.7,14.6,13.7,11.6,12.4,,,13.02857143,114.8714286,,,,,,,,
4541-4542,4541,check,check,6,1285.7,21,18.6,19.6,16.5,18.7,16,,,,18.4,214.2833333,,,,,,,,
4559-4560,4559,Ames 27070,CM7,7,62.8,11,12,11.5,7.5,10.3,7,6,,,9.328571429,8.971428571,,,,,,,,
4545-4546,4545,Ames 19316,CM174,7,440.9,15.3,17.5,17.5,13,15.7,15.4,13.2,,,15.37142857,62.98571429,,,,,,,,
4517-4518,4517,check,check,6,1449.2,19.2,17.7,20.3,18.7,19.5,20.5,,,,19.31666667,241.5333333,,,,,,,,
4543-4544,4543,NSL 81599,A659,6,418.4,12.5,12.7,12.5,11.1,12.4,15.2,,,,12.73333333,69.73333333,,,,,,,,
4271-4272,4271,NSL 53094,SC357,6,259.9,12.5,12.8,11.8,10.6,13,7.4,,,,11.35,43.31666667,,,,,,,,
4515-4516,4515,Ames 27144,NC296,6,281.3,11.5,10.9,14,9.5,8.1,13,,,,11.16666667,46.88333333,,,,,,,,
4503-4504,4503,Ames 27095,CML321,6,265.8,16.3,14.7,14,15,12.6,13.5,,,,14.35,44.3,,,,,,,,
4509-4510,4509,check,check,6,1230.8,17.5,15.8,17.6,18.4,19.2,15.7,,,,17.36666667,205.1333333,,,,,,,,
4513-4514,4513,PI 587130,4722,6,366,12,10.6,11,11.5,9.2,9.6,,,,10.65,61,,,,,,,,
4505-4506,4505,check,check,6,1209.9,19.8,17,18.9,18.1,16,17,,,,17.8,201.65,,,,,,,,
4507-4508,4507,PI 406112,A214N,6,316.5,14,15.5,17.6,16.7,14.6,14.5,,,,15.48333333,52.75,,,,,,,,
4511-4512,4511,Ames 27096,CML322,7,282.6,15.5,15.6,15.5,16.4,11.3,12,13.6,,,14.27142857,40.37142857,,,,,,,,
4501-4502,4501,check,check,6,1076.1,18.5,16,16.1,17.5,14.5,17.5,,,,16.68333333,179.35,,,,,,,,
2283-2284,2283,Ames 19330,W182B,4,226.1,14.6,16,15,14,,,,,,14.9,56.525,,,,,,,,
2273-2274,2273,Ames 27142,NC292,5,416.6,11.3,11.5,11.7,12.1,9,,,,,11.12,83.32,,,,,,,,
2281-2282,2281,check,check,6,904.5,14.9,16.1,16,17.5,14.7,12.5,,,,15.28333333,150.75,,,,,,,,
2269-2270,2269,PI 587127,H105W,4,358.2,16.6,18.1,10.5,11,,,,,,14.05,#DIV/0!,,,,,,,,
1501-1502,1501,PI 595550,CML277,6,1274,17,19,15,18.5,18.8,17.3,,,,17.6,212.3333333,,,,,,,,
2277-2278,2277,PI 587154,W153R,5,360.4,17,13.3,12.5,11.5,13,,,,,13.46,72.08,,,,,,,,
2279-2280,2279,Ames 19326,R168,3,101.2,11.5,8.5,11,,,,,,,10.33333333,33.73333333,,,,,,,,
2275-2276,2275,Ames 27152,NC312,6,464.1,13.7,14.4,13.5,15,11.8,16,,,,14.06666667,77.35,,,,,,,,
2271-2272,2271,Ames 27150,NC308,6,493.9,13.2,12.5,12.1,13.1,12.6,12.2,,,,12.61666667,82.31666667,,,,,,,,
2267-2268,2267,Ames 27107,CO255,6,197.4,15.3,13.4,9.1,14.1,13.3,12.7,,,,12.98333333,32.9,,,,,,,,
2251-2252,2251,PI 550483,B76,6,228.4,12,10,9.3,7.8,8,10,,,,9.516666667,38.06666667,,,,,,,,
2261-2262,2261,NSL 30867,M14,6,513.3,16.5,16,18.3,14.5,18,16,,,,16.55,85.55,,,,,,,,
2249-2250,2249,check,check,6,950,16,17.5,14,16.1,15,16.5,,,,15.85,158.3333333,,,,,,,,
2257-2258,2257,Ames 24752,MS1334,7,332.3,11.1,14.2,13.3,15,12.5,12.6,11.6,,,12.9,47.47142857,,,,,,,,
2255-2256,2255,PI 587124,CM105,6,425.4,15.5,15.3,15.1,16.8,13.4,12,,,,14.68333333,70.9,,,,,,,,
2265-2266,2265,PI 686063,IDS91,6,223,13.6,16.1,14.4,12.7,13.5,13.1,,,,13.9,37.16666667,,,,,,,,
2263-2264,2263,Ames 27111,EP1,6,104.3,8.3,12.6,8,10.1,9,7,,,,9.166666667,17.38333333,,,,,,,,
2253-2254,2253,PI 587143,A682,6,545.8,15.7,14.3,16.4,19.1,18.1,15.2,,,,16.46666667,90.96666667,,,,,,,,
2259-2260,2259,Ames 28364,IA2132,6,335.7,10,9.5,12.1,12.4,11.4,12,,,,11.23333333,55.95,,,,,,,,
2543-2544,2543,check,check,6,868.7,16.8,16.2,16.6,15.6,14.5,14.5,,,,15.7,144.7833333,,,,,,,,
2537-2538,2537,check,check,6,671,17,12.8,12.2,12.3,13,16.5,,,,13.96666667,111.8333333,,,,,,,,
2539-2540,2539,PI 587125,CO109,7,101.9,11,8,5,5.7,9.6,11.1,9.8,,,8.6,14.55714286,,,,,,,,
2541-2542,2541,Ames 27187,R4,7,507.4,15.3,12.8,11.3,14.5,12.7,13.7,14.7,,,13.57142857,72.48571429,,,,,,,,
2525-2526,2525,PI 583350,Mo45,6,393.5,16.5,15.7,15.6,14.8,14.7,12.7,,,,15,65.58333333,,,,,,,,
2533-2534,2533,PI 592734,R229,6,300.2,12.3,9,11.2,7.3,8.7,7.8,,,,9.383333333,50.03333333,,,,,,,,
2531-2532,2531,check,check,6,912.3,12.1,12.8,14.1,17,18.3,15,,,,14.88333333,152.05,,,,,,,,
2527-2528,2527,Ames 27177,NC362,6,339.5,15.5,13.3,14,13,13.5,12.6,,,,13.65,56.58333333,,,,,,,,
2535-2536,2535,PI 587132,Sg1533,6,173,11.7,9.5,10.8,10.7,10,9.5,,,,10.36666667,28.83333333,,,,,,,,
2523-2524,2523,Ames 27167,NC342,6,227.2,10.5,14.5,8.9,8.3,9.4,6.1,,,,9.616666667,37.86666667,,,,,,,,
2517-2518,2517,Ames 27149,NC306,6,456.5,13.9,12.5,13,13.7,13.7,11,,,,12.96666667,76.08333333,,,,,,,,
2515-2516,2515,PI 558532,Mo17,6,643.3,18.2,15,19.1,18.4,17,18.8,,,,17.75,107.2166667,,,,,,,,
2521-2522,2521,check,check,6,773.6,15.5,15.2,12.5,19.1,14,13.9,,,,15.03333333,128.9333333,,,,,,,,
2519-2520,2519,Ames 27180,NC368,6,419.9,12.6,10,11,15.5,8.4,9.7,,,,11.2,69.98333333,,,,,,,,
2529-2530,2529,Ames 31534,CI90CGoodman-Buckler,6,147.4,10.1,8.5,8.8,7.3,7.3,9.5,,,,8.583333333,24.56666667,,,,,,,,
2513-2514,2513,PI 587142,A679,6,743.7,14,15,16,14,15,14.1,,,,14.68333333,123.95,,,,,,,,
2511-2512,2511,Ames 23503,A680,6,632.9,14,14.7,13.9,17.1,15.2,16,,,,15.15,105.4833333,,,,,,,,
2509-2510,2509,PI 597927,B109,6,516.3,16.6,11,9.5,16.5,10.4,15,,,,13.16666667,86.05,,,,,,,,
2507-2508,2507,PI 564682,B97,6,516.8,12.1,12.8,12.7,13.2,13.1,11.5,,,,12.56666667,86.13333333,,,,,,,,
2501-2502,2501,Ames 19314,CI64,6,475.3,14.6,14,12.7,8.3,10,10,,,,11.6,79.21666667,,,,,,,,
2503-2504,2503,Ames 27065,B73Htrhm,4,315.2,14.2,11.3,14.7,10.2,,,,,,12.6,78.8,,,,,,,,
2505-2506,2505,PI 608767,B84,5,185.8,6,8.5,11,11.5,11.5,,,,,9.7,37.16,,,,,,,,
3445-3446,3445,check,check,3,373.6,13.5,14.9,13.3,,,,,,,13.9,124.5333333,,,,,,,,
3465-3466,3465,Ames 27178,NC364,3,170,11.5,8.1,7,,,,,,,8.866666667,56.66666667,,,,,,,,
3405-3406,3405,PI 594047,B104,3,218.4,10,12.5,10,,,,,,,10.83333333,72.8,,,,,,,,
3459-3460,3459,Ames 27149,NC306,3,241.1,11.7,12,13.7,,,,,,,12.46666667,80.36666667,,,,,,,,
3483-3484,3483,check,check,3,336.4,11,15.7,15.8,,,,,,,14.16666667,112.1333333,,,,,,,,
3481-3482,3481,Ames 28367,CI7Goodman-Buckler,3,201.9,12.5,12.5,12,,,,,,,12.33333333,67.3,,,,,,,,
3471-3472,3471,Ames 19328,Va22,3,215.3,15.3,15,13,,,,,,,14.43333333,71.76666667,,,,,,,,
3433-3434,3433,Ames 27185,Pa875,3,201.7,14,14.3,11.5,,,,,,,13.26666667,67.23333333,,,,,,,,
3451-3452,3451,PI 608765,B77,3,220.3,16.6,13.6,14.4,,,,,,,14.86666667,73.43333333,,,,,,,,
3419-3420,3419,PI 520774,NC264,6,338.5,10.7,8.3,11.2,10,12,11.2,,,,10.56666667,56.41666667,,,,,,,,
3469-3470,3469,NSL 65873,L317,3,130.3,14.1,13.5,10.5,,,,,,,12.7,43.43333333,,,,,,,,
3413-3414,3413,Ames 21512,CI31A,7,248.3,11.1,9.5,10.5,9.3,11.5,9.6,8,,,9.928571429,35.47142857,,,,,,,,
3473-3474,3473,Ames 27187,R4,4,220.9,14.5,10,12.7,14,,,,,,12.8,55.225,,,,,,,,
3461-3462,3461,check,check,4,520.3,14.6,15.7,11.8,14.7,,,,,,14.2,130.075,,,,,,,,
3447-3448,3447,Ames 27069,CH701-30,4,129.6,10,13,7.6,9.5,,,,,,10.025,32.4,,,,,,,,
3411-3412,3411,check,check,6,797.2,17,16,11,12.3,15.6,18.1,,,,15,132.8666667,,,,,,,,
3455-3456,3455,Ames 23503,A680,5,426.4,14,13.3,12.7,14,14.2,,,,,13.64,85.28,,,,,,,,
3475-3476,3475,Ames 31535,38-11Goodman-Buckler,6,466.7,15.6,15.7,16,13.3,16.5,14.5,,,,15.26666667,77.78333333,,,,,,,,
3425-3426,3425,Ames 27141,NC290A,6,824.2,13.3,14.6,19,10.3,17.8,13.3,,,,14.71666667,137.3666667,,,,,,,,
3457-3458,3457,Ames 28939,Mo44,6,593.9,15.7,14.5,8,21.4,14.1,13.4,,,,14.51666667,98.98333333,,,,,,,,
3443-3444,3443,PI 587140,A632,2,140.6,16.7,13.7,,,,,,,,15.2,70.3,,,,,,,,
3449-3450,3449,PI 550461,B14A,1,16.3,10.4,,,,,,,,,10.4,16.3,,,,,,,,
3435-3436,3435,Ames 27181,NC370,6,230,8.6,8.4,8.6,13,10.2,10.2,,,,9.833333333,38.33333333,,,,,,,,
3463-3464,3463,PI 517974,Pa880,6,293.7,12.5,10.5,9,11,9,10,,,,10.33333333,48.95,,,,,,,,
3477-3478,3477,CIze 44,CI44,7,378.1,18.5,12.3,14.4,8,13.5,17.7,8,,,13.2,54.01428571,,,,,,,,
3439-3440,3439,Ames 8399,W117HT,6,71.2,8.1,8.3,8.9,10.7,12.7,9.3,,,,9.666666667,11.86666667,,,,,,,,
3415-3416,3415,Ames 27172,NC352,6,192.5,18,14.5,15.3,15.5,10.5,9.7,,,,13.91666667,32.08333333,,,,,,,,
3441-3442,3441,PI 587151,Va102,6,299.4,11.9,13.6,13.3,13.4,13.2,10.1,,,,12.58333333,49.9,,,,,,,,
3429-3430,3429,Ames 19000,VaW6,6,367.8,19,18.5,16.8,14.3,18,13,,,,16.6,61.3,,,,,,,,
3417-3418,3417,check,check,5,785.8,14.6,15.5,16.5,16.5,17.5,,,,,16.12,157.16,,,,,,,,
3409-3410,3409,check,check,6,760.4,10.3,13.4,15.5,13.8,18.5,16.8,,,,14.71666667,126.7333333,,,,,,,,
3547-3548,3547,Ames 27066,B164,6,534.1,13,16.8,15.8,17,17.7,15.5,,,,15.96666667,89.01666667,,,,,,,,
3541-3542,3541,PI 686066,SG18,6,308.5,14.2,12.8,13.3,13,14.5,15,,,,13.8,51.41666667,,,,,,,,
3533-3534,3533,PI 573098,Oh603,6,367.2,13.6,15.3,13.1,11.8,15,11.5,,,,13.38333333,61.2,,,,,,,,
3535-3536,3535,Ames 27194,W401,6,191.2,15.6,15,13.5,13,13.2,11.5,,,,13.63333333,31.86666667,,,,,,,,
3549-3550,3549,PI 550473,B73,6,410,9.5,13.8,11.5,11.7,15.6,11.5,,,,12.26666667,68.33333333,,,,,,,,
3571-3572,3571,Ames 19293,Wf9,5,590,13.5,14.8,14.5,15.5,14.7,,,,,14.6,118,,,,,,,,
3545-3546,3545,Ames 27114,H91,2,295.8,21.5,21,,,,,,,,21.25,147.9,,,,,,,,
3573-3574,3573,PI 606768,SD40,5,425.8,15.6,18.1,19,11.1,11.5,,,,,15.06,85.16,,,,,,,,
3551-3552,3551,check,check,6,863.6,15.5,17.4,10.7,13.5,11.5,14.7,,,,13.88333333,143.9333333,,,,,,,,
3529-3530,3529,NSL 30053,W22,6,347.7,8,14,8.8,12.7,13.8,12.7,,,,11.66666667,57.95,,,,,,,,
3537-3538,3537,Ames 27176,NC360,6,320.9,13,13.7,11.8,12.3,14.4,11,,,,12.7,53.48333333,,,,,,,,
3567-3568,3567,PI 583350,Mo45,6,558.3,15.2,14.5,19.5,17.2,15.1,19.5,,,,16.83333333,93.05,,,,,,,,
3565-3566,3565,Ames 27151,NC310,4,259,11.3,13.4,8.8,12,,,,,,11.375,64.75,,,,,,,,
3561-3562,3561,Ames 27177,NC362,6,369.9,14.6,11.5,13.2,11.9,13.5,13.5,,,,13.03333333,61.65,,,,,,,,
3581-3582,3581,PI 592734,R229,6,499.8,12.6,11,13.3,13.2,12.3,11.6,,,,12.33333333,83.3,,,,,,,,
3421-3422,3421,Ames 27138,N28Ht,7,541.5,11.3,12.5,12.6,12,13.6,14.2,10.7,,,12.41428571,77.35714286,,,,,,,,
3579-3580,3579,Ames 31536,A214NGoodman-Buckler,6,174.4,16,13.2,14.5,13.5,16,14,,,,14.53333333,29.06666667,,,,,,,,
3577-3578,3577,Ames 26771,33-16,6,300.2,10.2,14.5,13.1,13.5,9.6,12.3,,,,12.2,50.03333333,,,,,,,,
3557-3558,3557,Ames 27167,NC342,6,726.7,16.4,10.1,10.5,11,19.6,19,,,,14.43333333,121.1166667,,,,,,,,
3563-3564,3563,Ames 27160,NC328,6,598.3,13.4,10.5,10.7,14.2,14.6,13.2,,,,12.76666667,99.71666667,,,,,,,,
3525-3526,3525,check,check,6,894.4,13.2,19.3,15.6,15.7,17.3,15.5,,,,16.1,149.0666667,,,,,,,,
3523-3524,3523,Ames 27174,NC356,3,73.8,7.2,8.5,10.7,,,,,,,8.8,24.6,,,,,,,,
3527-3528,3527,Ames 12731,NC230,6,306.1,9.1,8.2,12.7,10.3,10.6,7.2,,,,9.683333333,51.01666667,,,,,,,,
3555-3556,3555,PI 587142,A679,6,404.6,10.3,11.5,10.3,15,12.5,10.5,,,,11.68333333,67.43333333,,,,,,,,
3531-3532,3531,Ames 27182,NC372,6,452.9,14,15.4,11.7,12.3,11,11.5,,,,12.65,75.48333333,,,,,,,,
3559-3560,3559,PI 558532,Mo17,6,350.3,11.5,17,17.5,12.6,11.7,14.3,,,,14.1,58.38333333,,,,,,,,
3583-3584,3583,Ames 27193,Va85,6,273.8,15.8,17.5,16,13.5,11.5,12,,,,14.38333333,45.63333333,,,,,,,,
3553-3554,3553,check,check,6,768.3,13.5,12.5,12,12,17.7,17.7,,,,14.23333333,128.05,,,,,,,,
3517-3518,3517,Ames 27260,Ki44,3,6.9,7.3,10.5,9.2,,,,,,,9,2.3,,,,,,,,
3539-3540,3539,Ames 27190,T234,6,346,13,13,14,14,14.5,13.7,,,,13.7,57.66666667,,,,,,,,
3515-3516,3515,Ames 27158,NC324,6,281.9,13,13.5,14,11.1,13,11.6,,,,12.7,46.98333333,,,,,,,,
3507-3508,3507,Ames 22440,CI90C,3,202.9,12,15.1,12.1,,,,,,,13.06666667,67.63333333,,,,,,,,
3519-3520,3519,check,check,6,649.7,14.5,15.5,12.7,12.7,14.5,9.8,,,,13.28333333,108.2833333,,,,,,,,
3505-3506,3505,Ames 27120,Il677a,6,186,11.3,12.5,10.3,13,12.6,13,,,,12.11666667,31,,,,,,,,
3511-3512,3511,Ames 19319,H95,6,182.1,8.8,12.6,10,13,10.5,9.9,,,,10.8,30.35,,,,,,,,
3509-3510,3509,PI 587128,H84,6,286.9,11.7,10.1,11.6,8.5,12.6,9.7,,,,10.7,47.81666667,,,,,,,,
3575-3576,3575,PI 587125,CO109,5,70.8,13,10.5,8.8,12,12.3,,,,,11.32,14.16,,,,,,,,
3513-3514,3513,PI 594048,B105,6,508.2,14,11.7,16.3,11.6,15.3,18,,,,14.48333333,84.7,,,,,,,,
3501-3502,3501,Ames 27097,CML323,6,279.2,13.6,13.6,12.1,14.5,10.5,11.1,,,,12.56666667,46.53333333,,,,,,,,
3521-3522,3521,Ames 27175,NC358,6,267.5,13.6,12.8,9.4,13.6,10.5,12,,,,11.98333333,44.58333333,,,,,,,,
3503-3504,3503,PI 606329,DE1,2,62.5,13.5,8.8,,,,,,,,11.15,31.25,,,,,,,,
4163-4164,4163,Ames 27260,Ki44,5,95.6,8.6,11,14.6,9,9,,,,,10.44,19.12,,,,,,,,
4179-4180,4179,PI 587152,W64A,6,528.4,15.5,13.5,12.8,10.5,11,12.5,,,,12.63333333,88.06666667,,,,,,,,
4167-4168,4167,Ames 27261,NC298,6,1107.7,19.9,17.7,18.8,20.1,18.1,21,,,,19.26666667,184.6166667,,,,,,,,
4165-4166,4165,Ames 27174,NC356,5,192.5,10,8.1,8.6,10,10.5,,,,,9.44,38.5,,,,,,,,
4173-4174,4173,Ames 27182,NC372,6,825.1,15.6,16.7,14.5,16,14.5,15,,,,15.38333333,137.5166667,,,,,,,,
4169-4170,4169,Ames 27164,NC336,4,115.3,15,13.1,13.5,13.2,,,,,,13.7,28.825,,,,,,,,
4181-4182,4181,Ames 27194,W401,5,256.8,13.4,12.5,12,13.1,9.8,,,,,12.16,51.36,,,,,,,,
4175-4176,4175,check,check,6,1395.3,18.8,19.2,19,20.1,18,20.7,,,,19.3,232.55,,,,,,,,
4183-4184,4183,Ames 27183,Oh43E,6,1587.6,21.1,21.2,19.4,20.7,19.6,20.1,,,,20.35,264.6,,,,,,,,
4159-4160,4159,Ames 27137,N6,6,610.5,14,14,9.5,14.5,10.8,15.5,,,,13.05,101.75,,,,,,,,
4157-4158,4157,Ames 27172,NC352,6,345.9,15,17.5,14,14.5,9.5,16.8,,,,14.55,57.65,,,,,,,,
4139-4140,4139,Ames 28290,C49,4,56.5,13,8,10.5,10.1,,,,,,10.4,14.125,,,,,,,,
4141-4142,4141,Ames 27193,Va85,6,689.6,16.7,17.5,17.3,19.4,19.3,16.7,,,,17.81666667,114.9333333,,,,,,,,
4143-4144,4143,Ames 26138,CI187-2,6,453.7,14.7,19.8,18,16,17.3,15.3,,,,16.85,75.61666667,,,,,,,,
4171-4172,4171,Ames 27176,NC360,6,510.1,16,13.6,12.8,14.7,14.7,13.1,,,,14.15,85.01666667,,,,,,,,
4177-4178,4177,PI 686065,SA24,5,223.3,18,14.5,15.2,17.3,15.3,,,,,16.06,44.66,,,,,,,,
3345-3346,3345,NSL 30904,4226,6,451.8,14,12.8,13.5,11,13.2,12,,,,12.75,75.3,,,,,,,,
3349-3350,3349,PI 550469,B46,7,618.6,18,17.5,16.6,16.1,14.3,16.6,17,,,16.58571429,88.37142857,,,,,,,,
3351-3352,3351,PI 608767,B84,2,149.8,11,17.7,,,,,,,,14.35,74.9,,,,,,,,
3335-3336,3335,PI 587150,Va35,6,353.7,14,12.9,10.5,10.8,13,10.7,,,,11.98333333,58.95,,,,,,,,
3341-3342,3341,check,check,6,586.2,13.4,12.3,13,13.5,12,11.3,,,,12.58333333,97.7,,,,,,,,
3343-3344,3343,PI 564682,B97,6,505.1,14.8,12.3,16.8,10,7.5,9,,,,11.73333333,84.18333333,,,,,,,,
3337-3338,3337,PI 587152,W64A,6,413.1,11,12,10.2,10.1,15.7,11.2,,,,11.7,68.85,,,,,,,,
3331-3332,3331,Ames 19323,Oh7B,3,231.2,17.5,17.2,17.4,,,,,,,17.36666667,77.06666667,,,,,,,,
3333-3334,3333,Ames 27184,Pa762,6,350.3,13.5,10,11.7,11.6,12.2,12.6,,,,11.93333333,58.38333333,,,,,,,,
3339-3340,3339,PI 686065,SA24,7,208.5,14.7,12.2,15,13.2,16.1,11.5,14.5,,,13.88571429,29.78571429,,,,,,,,
3329-3330,3329,Ames 27183,Oh43E,3,143.8,13.5,11,9.5,,,,,,,11.33333333,47.93333333,,,,,,,,
3327-3328,3327,Ames 28366,N7A,6,537.4,12.8,9.9,12,11.6,11.5,13.2,,,,11.83333333,89.56666667,,,,,,,,
3321-3322,3321,Ames 27137,N6,6,486.6,12.5,12.5,13.6,12.3,14.1,11.3,,,,12.71666667,81.1,,,,,,,,
3323-3324,3323,PI 583351,Mo46,5,392,9,9.5,12.5,15,13.3,,,,,11.86,78.4,,,,,,,,
3311-3312,3311,Ames 27083,CML154Q,6,351.1,15.6,19,15.2,17,15.2,9,,,,15.16666667,58.51666667,,,,,,,,
3325-3326,3325,Ames 27147,NC302,6,271.9,12.5,11.7,11.2,8.4,11.8,11.2,,,,11.13333333,45.31666667,,,,,,,,
3347-3348,3347,PI 550467,B37,6,366.6,15,14.5,13,11.2,10.7,13.6,,,,13,61.1,,,,,,,,
3319-3320,3319,Ames 12732,NC232,6,610.5,14.1,12.5,13.3,13.1,13.1,11,,,,12.85,101.75,,,,,,,,
3313-3314,3313,Ames 27112,F2834T,6,165.9,11.3,12.5,11.5,10.5,8.9,13.2,,,,11.31666667,27.65,,,,,,,,
3307-3308,3307,Ames 27087,CML220,6,224.5,10.3,11.1,9,10.5,10.6,10.4,,,,10.31666667,37.41666667,,,,,,,,
3317-3318,3317,Ames 27164,NC336,5,194,14,14.5,15.2,15.2,12,,,,,14.18,38.8,,,,,,,,
3305-3306,3305,Ames 26138,CI187-2,6,268.4,15.3,12,11.3,12.1,8.5,11.2,,,,11.73333333,38.34285714,,,,,,,,
3315-3316,3315,check,check,6,931,15.5,16.8,18.2,13.6,15.5,16,,,,15.93333333,155.1666667,,,,,,,,
3303-3304,3303,check,check,6,769.7,16,16.1,13.6,16.6,13.7,12.1,,,,14.68333333,128.2833333,,,,,,,,
3301-3302,3301,Ames 19309,A635,7,250.6,11.2,7,11.5,10,7.8,8.2,6.7,,,8.914285714,35.8,,,,,,,,
3309-3310,3309,PI 608766,B79,7,261.1,10.4,12,9.3,10.3,6.5,6.5,11.2,,,9.457142857,37.3,,,,,,,,
3079-3080,3079,Ames 28186,P39,7,144.9,12,13.3,13.3,11,12.3,9.6,13.4,,,12.12857143,20.7,,,,,,,,
3083-3084,3083,PI 524969,SD44,6,343.6,8,13,5.5,6.5,7.5,8.5,,,,8.166666667,57.26666667,,,,,,,,
3077-3078,3077,PI 550490,ND246,6,224.4,14.6,15,16,12.5,11.9,14.8,,,,14.13333333,37.4,,,,,,,,
3073-3074,3073,Ames 27162,NC332,6,729.5,15.3,15.5,15.5,13,14.3,11,,,,14.1,121.5833333,,,,,,,,
3067-3068,3067,PI 587127,H105W,5,353.9,12.3,10.6,11,16,9,,,,,11.78,70.78,,,,,,,,
3071-3072,3071,PI 587145,NC268,6,438.1,14.2,11.1,15,14.4,16.2,13.4,,,,14.05,73.01666667,,,,,,,,
3065-3066,3065,PI 587129,H99,6,244.8,14.6,9.5,13.614,8.3,8.8,9.2,,,,10.669,40.8,,,,,,,,
3063-3064,3063,check,check,6,686.8,17,14,15.7,12.3,15,9.8,,,,13.96666667,114.4666667,,,,,,,,
3059-3060,3059,Ames 20140,Mt42,6,189.2,12.2,14.3,10.5,9.6,10.6,10,,,,11.2,31.53333333,,,,,,,,
3069-3070,3069,check,check,7,1068.1,15,16.3,16.2,12.7,15.3,16.6,17,,,15.58571429,152.5857143,,,,,,,,
3075-3076,3075,PI 587154,W153R,6,267.4,13,9.8,9.7,7,11,9.5,,,,10,44.56666667,,,,,,,,
3081-3082,3081,Ames 19016,Va59,6,416.3,12,14.5,8.1,9.2,10.6,9.3,,,,10.61666667,69.38333333,,,,,,,,
3055-3056,3055,PI 587124,CM105,6,361.8,14.1,15.6,11,14.6,15.5,17,,,,14.63333333,60.3,,,,,,,,
3061-3062,3061,PI 583352,Mo47,6,339.5,10.2,10.7,12.3,10.5,11.5,12.5,,,,11.28333333,56.58333333,,,,,,,,
3045-3046,3045,Ames 27068,CH9,6,338,11.6,10.3,10,10.2,9.6,10,,,,10.28333333,56.33333333,,,,,,,,
3047-3048,3047,PI 587143,A682,6,347.4,14,12.2,10,12.3,11.7,13.5,,,,12.28333333,57.9,,,,,,,,
3053-3054,3053,Ames 23450,A556,6,389.4,10,13.2,12,12.5,14.7,14.3,,,,12.78333333,64.9,,,,,,,,
3051-3052,3051,Ames 19311,A641,5,192.5,12,11.5,9,9.5,12.5,,,,,10.9,38.5,,,,,,,,
3049-3050,3049,check,check,6,967.9,13,14.5,16.6,19.3,15.3,16.5,,,,15.86666667,161.3166667,,,,,,,,
1049-1050,1049,Ames 19309,A635,6,344.1,10.8,12,11.7,11.8,10.5,10.7,,,,11.25,57.35,,,,,,,,
1051-1052,1051,check,check,6,1415.1,18.6,18.6,18.4,17.2,21,17.3,,,,18.51666667,235.85,,,,,,,,
1043-1044,1043,Ames 21512,CI31A,6,311.5,11,13.2,9.2,10.6,11,12.1,,,,11.18333333,51.91666667,,,,,,,,
1047-1048,1047,check,check,6,1374.3,16.8,18.9,19.5,19,19.7,20.5,,,,19.06666667,229.05,,,,,,,,
1037-1038,1037,PI 524969,SD44,6,113.5,7,9.5,9,7.6,10.5,9.6,,,,8.866666667,18.91666667,,,,,,,,
1041-1042,1041,check,check,6,1378,18.7,20,19.2,19.9,17.9,20.7,,,,19.4,229.6666667,,,,,,,,
1033-1034,1033,Ames 19016,Va59,6,610,16.1,12.3,11.3,14.3,15.5,15,,,,14.08333333,101.6666667,,,,,,,,
1045-1046,1045,PI 606329,DE1,3,63.5,8.3,6.8,9.2,,,,,,,8.1,21.16666667,,,,,,,,
1039-1040,1039,Ames 19330,W182B,6,201.3,16.6,11.6,16.3,13.7,15.2,14.1,,,,14.58333333,33.55,,,,,,,,
1031-1032,1031,PI 550566,N192,4,243.6,14.7,14.2,16.1,13.8,,,,,,14.7,60.9,,,,,,,,
1015-1016,1015,Ames 27111,EP1,6,133.8,10.3,10.8,8.1,9.3,9.2,9.5,,,,9.533333333,22.3,,,,,,,,
1019-1020,1019,PI 257507,F7,6,105.6,12,11.6,11.7,11,10.5,11.1,,,,11.31666667,17.6,,,,,,,,
1021-1022,1021,PI 686057,I29,6,456.5,13,12.4,8.6,9.9,11.4,8.2,,,,10.58333333,76.08333333,,,,,,,,
1025-1026,1025,Ames 24734,MS153,6,601.8,15,17.1,16.1,15.5,12.4,17.2,,,,15.55,100.3,,,,,,,,
1017-1018,1017,check,check,6,1382.5,20.7,19.1,17.2,20,16.4,18.7,,,,18.68333333,230.4166667,,,,,,,,
1023-1024,1023,Ames 27105,CO106,3,68.8,13.1,8.5,14.6,,,,,,,12.06666667,22.93333333,,,,,,,,
1009-1010,1009,PI 587143,A682,6,596.2,14.6,17.3,13.9,18.5,18.7,14.5,,,,16.25,99.36666667,,,,,,,,
1003-1004,1003,PI 550483,B76,6,522.7,14.8,13.4,10.7,12.4,12.8,12.5,,,,12.76666667,87.11666667,,,,,,,,
1005-1006,1005,PI 587141,A654,6,546.2,15.8,14.8,12.3,17,11,18.9,,,,14.96666667,91.03333333,,,,,,,,
1027-1028,1027,Ames 20140,Mt42,6,154,14.2,10.3,9.5,10.6,15,14.3,,,,12.31666667,25.66666667,,,,,,,,
1013-1014,1013,PI 587138,A554,6,342.9,9,10.6,10.2,10,10.3,8.3,,,,9.733333333,57.15,,,,,,,,
1007-1008,1007,Ames 23405,A239,6,463.3,11.5,10.2,13.8,11.7,11.8,12.1,,,,11.85,77.21666667,,,,,,,,
1029-1030,1029,PI 531085,NC262,6,496.1,9.7,13.2,11.7,13.6,13.7,11.7,,,,12.26666667,82.68333333,,,,,,,,
1001-1002,1001,Ames 19311,A641,3,91.3,13.5,10.9,8.3,,,,,,,10.9,30.43333333,,,,,,,,
1035-1036,1035,Ames 27142,NC292,4,342.6,13.1,13.1,10.4,8.5,,,,,,11.275,85.65,,,,,,,,
3141-3142,3141,Ames 27129,KUI2021,6,242,10.2,10.4,16.5,15.7,13.8,10.6,,,,12.86666667,60.5,,,,,,,,
3139-3140,3139,Ames 27119,Il101T,6,152.4,12.1,10.7,7.7,11.5,9.8,12,,,,10.63333333,25.4,,,,,,,,
3137-3138,3137,PI 606330,DE2,6,415.2,15.6,16.5,12.2,11.7,15.7,10.3,,,,13.66666667,69.2,,,,,,,,
3133-3134,3133,check,check,6,880.4,16.6,14.6,14.7,13.4,16.3,15.7,,,,15.21666667,146.7333333,,,,,,,,
3135-3136,3135,PI 506255,Tzi25,6,308.8,12.7,12.7,13.7,14.3,13.7,12.5,,,,13.26666667,51.46666667,,,,,,,,
3143-3144,3143,Ames 27067,C49A,5,56.3,9,9,9,12,12.2,,,,,10.24,11.26,,,,,,,,
3129-3130,3129,PI 587147,Pa91,6,448.3,12.8,12.8,12.3,14.7,14.3,12.8,,,,13.28333333,74.71666667,,,,,,,,
3127-3128,3127,Ames 27121,K64,6,584.8,15.2,11.3,14.7,13.1,15.1,14.6,,,,14,97.46666667,,,,,,,,
3125-3126,3125,Ames 27165,NC338,6,939.6,19.6,19.5,15.8,11.1,14.8,18.1,,,,16.48333333,156.6,,,,,,,,
3131-3132,3131,PI 550522,T232,6,290.3,9.7,11.3,9.2,10.7,9,8.8,,,,9.783333333,48.38333333,,,,,,,,
3145-3146,3145,PI 607521,A661,7,158.8,8.4,14,14.1,10,13,12.8,8,,,11.47142857,22.68571429,,,,,,,,
3117-3118,3117,Ames 27169,NC346,6,164.4,10.8,13.5,13,9,12.8,12.8,,,,11.98333333,27.4,,,,,,,,
3123-3124,3123,Ames 27133,M37W,6,483.8,15.8,14.3,16.2,14.5,15.8,15.2,,,,15.3,80.63333333,,,,,,,,
3121-3122,3121,Ames 10248,GA209,6,350.2,9.2,13.6,10.4,12,14.3,12.9,,,,12.06666667,58.36666667,,,,,,,,
3113-3114,3113,check,check,6,864.9,14.8,16.1,14.3,17.9,18.2,11,,,,15.38333333,144.15,,,,,,,,
3111-3112,3111,PI 550465,B68,3,90.4,17.7,18,12.5,,,,,,,16.06666667,30.13333333,,,,,,,,
3115-3116,3115,Ames 27166,NC340,6,587.3,15.3,12.7,13.5,13.6,15,14.1,,,,14.03333333,97.88333333,,,,,,,,
3119-3120,3119,Ames 27155,NC318,6,238.6,10.5,12,12,11.5,10.5,9.8,,,,11.05,39.76666667,,,,,,,,
3107-3108,3107,check,check,5,602.8,14.5,15.5,15.5,13.2,10.3,,,,,13.8,120.56,,,,,,,,
3103-3104,3103,check,check,6,844.7,12,17,18,17.5,14.6,11.1,,,,15.03333333,140.7833333,,,,,,,,
3101-3102,3101,Ames 27082,CML108,6,172.7,13.5,10,9,10,10.8,11.8,,,,10.85,28.78333333,,,,,,,,
3109-3110,3109,check,check,6,663.6,15,9.5,13,13,15.5,8.5,,,,12.41666667,110.6,,,,,,,,
3105-3106,3105,check,check,6,434.5,13.6,10.8,9,11.5,10.1,8.5,,,,10.58333333,72.41666667,,,,,,,,
2155-2156,2155,Ames 27068,CH9,4,292.2,11.6,12,11.7,11,,,,,,11.575,73.05,,,,,,,,
2141-2142,2141,PI 587152,W64A,6,375.5,11.5,10,11.1,11.7,10.8,9.5,,,,10.76666667,62.58333333,,,,,,,,
2153-2154,2153,PI 594046,B103,7,349,16,13.7,13.3,10,11,16.8,14.2,,,13.57142857,49.85714286,,,,,,,,
2143-2144,2143,Ames 22443,A188,6,223.7,10.5,11.5,10.7,11.5,10.5,12,,,,11.11666667,37.28333333,,,,,,,,
2161-2162,2161,PI 587129,H99,6,225.4,8.5,8.7,12.7,11.5,15,14,,,,11.73333333,37.56666667,,,,,,,,
2151-2152,2151,PI 587139,A619,4,192.3,16.5,16.4,12.6,9.6,,,,,,13.775,48.075,,,,,,,,
2157-2158,2157,check,check,6,899,16.5,14.7,17.3,10,13,18,,,,14.91666667,149.8333333,,,,,,,,
2165-2166,2165,Ames 20190,CM37,6,122.2,11,11,8.8,9,9.5,12,,,,10.21666667,20.36666667,,,,,,,,
2167-2168,2167,PI 583352,Mo47,6,354.6,10.5,10,11,11.5,13,11,,,,11.16666667,59.1,,,,,,,,
2181-2182,2181,PI 587145,NC268,5,285,14.5,12.7,13.5,13.5,13.1,,,,,13.46,57,,,,,,,,
2169-2170,2169,PI 587135,Ia5125,5,112.4,8.4,6.5,5.3,7,6.2,,,,,6.68,22.48,,,,,,,,
2171-2172,2171,PI 531085,NC262,6,512.3,14.2,9.5,11.7,14.7,12.3,9.5,,,,11.98333333,85.38333333,,,,,,,,
2159-2160,2159,Ames 20140,Mt42,6,217.8,7.3,11,10.9,10.9,12,8.5,,,,10.1,31.11428571,,,,,,,,
2175-2176,2175,Ames 27161,NC330,3,239.4,15.6,8.5,15.5,,,,,,,13.2,79.8,,,,,,,,
2149-2150,2149,PI 607521,A661,5,161.2,10.5,12.2,15,10.4,9,,,,,11.42,32.24,,,,,,,,
2147-2148,2147,PI 608774,B75,6,571.5,12.7,12.7,12.6,14,12.3,14,,,,13.05,95.25,,,,,,,,
2179-2180,2179,Ames 27163,NC334,6,289.3,10.3,11,13.4,12,12.7,10,,,,11.56666667,48.21666667,,,,,,,,
2173-2174,2173,check,check,6,1159,15.5,18,17.1,19.6,15.2,17.7,,,,17.18333333,193.1666667,,,,,,,,
2183-2184,2183,PI 550566,N192,2,220.2,18.2,17.1,,,,,,,,17.65,110.1,,,,,,,,
2177-2178,2177,PI 587137,Ms71,6,513.2,16.5,15,17.2,15.5,10.2,13.6,,,,14.66666667,85.53333333,,,,,,,,
1541-1542,1541,PI 506253,Tzi18,6,408.5,13.3,12,16,13.9,15,14,,,,14.03333333,68.08333333,,,,,,,,
1543-1544,1543,Ames 27065,B73Htrhm,6,493.8,14,10,15,15.6,12.5,10.5,,,,12.93333333,82.3,,,,,,,,
1533-1534,1533,PI 540745,Tzi11,4,51.8,10,11.4,12.5,11,,,,,,11.225,12.95,,,,,,,,
1545-1546,1545,Ames 27069,CH701-30,5,335.7,14.1,14.2,10.6,15,11.8,,,,,13.14,67.14,,,,,,,,
1539-1540,1539,Ames 22748,H100,6,363.4,13.3,15.3,14.1,14.4,14,15.5,,,,14.43333333,60.56666667,,,,,,,,
1535-1536,1535,Ames 27131,Ky226,7,551.6,9.5,12.3,11.9,13.5,10,10.3,10.8,,,11.18571429,78.8,,,,,,,,
1531-1532,1531,Ames 27179,NC366,6,420.5,12.4,12,12.5,12,13.5,15.1,,,,12.91666667,70.08333333,,,,,,,,
1523-1524,1523,NSL 30038,K4,6,441.4,18,14.5,16,15.5,17.7,13,,,,15.78333333,73.56666667,,,,,,,,
1527-1528,1527,Ames 27121,K64,6,533.8,13,13.6,15,15.4,11.3,13.3,,,,13.6,88.96666667,,,,,,,,
1537-1538,1537,PI 558520,Mo1W,6,543.2,11.5,12.8,13.5,14,12,13.8,,,,12.93333333,90.53333333,,,,,,,,
1515-1516,1515,PI 587144,Mo24W,5,428.7,13,18,14.7,16,14.7,,,,,15.28,85.74,,,,,,,,
1525-1526,1525,check,check,6,1458.8,18.8,20,20,21,20.5,18.8,,,,19.85,243.1333333,,,,,,,,
1519-1520,1519,Ames 12729,NC222,6,333.3,11,7.8,12.5,9.8,10.2,7.8,,,,9.85,55.55,,,,,,,,
1513-1514,1513,PI 595561,CML52,7,291.9,16,12.3,11,12.3,14.5,8.7,12.5,,,12.47142857,41.7,,,,,,,,
1517-1518,1517,check,check,6,1221.9,18.3,17.8,16.6,18.4,17.1,21,,,,18.2,244.38,,,,,,,,
1507-1508,1507,Ames 27096,CML322,6,505.2,11.8,11.3,15.6,12.8,12,13.3,,,,12.8,72.17142857,,,,,,,,
1511-1512,1511,Ames 27072,CML10,6,273.2,14.6,16.3,14.5,16.3,16.3,16.3,,,,15.71666667,45.53333333,,,,,,,,
1505-1506,1505,PI 550465,B68,6,302.1,20,17.5,13.4,15.5,23.5,18,,,,17.98333333,50.35,,,,,,,,