Row.number.in.field,Row.number,Pedigree,Genotype,Number.of.ears ,Cob.width.1,Cob.width.2,Cob.width.3,Cob.width.4,Cob.width.5,Cob.width.6,Cob.width.7,Average.cob.width,Cob.weight.(only),Total.seed.weight,Weight.of.20.seeds,Average.cob.weight,Number.of.seeds.on.each.ear,,,,,,,,
1041-1042,1041,check,check,3,21.1,20.3,21.5,,,,,20.96666667,55.7,625.1,6.4,18.56666667,651.1458333,,,,,,,,
1017-1018,1017,check,check,3,23.5,22.2,25.2,,,,,23.63333333,63.7,658.9,6.6,21.23333333,665.5555556,,,,,,,,
3451-3452,3451,PI 608765,B77,3,19.4,20.1,22.6,,,,,20.7,32.1,184.9,4.6,10.7,267.9710145,,,,,,,,
3459-3460,3459,Ames 27149,NC306,3,23.1,21.5,22,,,,,22.2,42.5,196.1,5.4,14.16666667,242.0987654,,,,,,,,
3481-3482,3481,Ames 28367,CI7Goodman-Buckler,3,24.1,22,24.9,,,,,23.66666667,43.9,159.8,4.6,14.63333333,231.5942029,,,,,,,,
1501-1502,1501,PI 595550,CML277,3,22.9,24.5,20.1,,,,,22.5,50.3,623.1,5.8,16.76666667,716.2068966,,,,,,,,
4331-4332,4331,Ames 27189,SC55,4,25.9,22.9,23.8,23.6,,,,24.05,35.6,144.1,4.1,8.9,175.7317073,,,,,,,,
1507-1508,1507,Ames 27096,CML322,4,25.3,25.5,24.4,23.5,,,,24.675,57.4,204.8,3.9,14.35,262.5641026,,,,,,,,
1101-1102,1101,Ames 19316,CM174,3,25.7,25.7,22.8,,,,,24.73333333,48.2,135.9,3.9,16.06666667,232.3076923,,,,,,,,
1571-1572,1571,PI 587149,Va26,3,25.1,25.2,27.1,,,,,25.8,54.1,285.8,4.4,18.03333333,433.030303,,,,,,,,
1135-1136,1135,Ames 27162,NC332,3,28.6,29.9,27.6,,,,,28.7,75.7,349.6,4.3,25.23333333,542.0155039,,,,,,,,
1579-1580,1579,Ames 28367,CI7Goodman-Buckler,3,24.1,25.1,24.2,,,,,24.46666667,57.6,260,5.2,19.2,333.3333333,,,,,,,,
3431-3432,3431,NSL 53094,SC357,3,19.5,19.8,19.6,,,,,19.63333333,48.6,108.2,3.7,16.2,194.954955,,,,,,,,
1521-1522,1521,Ames 27144,NC296,3,18.7,20.8,19.9,,,,,19.8,20.7,112,4.4,6.9,169.6969697,,,,,,,,
4327-4328,4327,check,check,3,21.4,22.6,21.8,,,,,21.93333333,57.3,617.3,5.8,19.1,709.5402299,,,,,,,,
3123-3124,3123,Ames 27133,M37W,3,24.3,23.9,23.9,,,,,24.03333333,49.3,195.2,5.6,16.43333333,232.3809524,,,,,,,,
3483-3484,3483,check,check,3,19.9,21.9,20,,,,,20.6,34.2,303.3,4.2,11.4,481.4285714,,,,,,,,
3465-3466,3465,Ames 27178,NC364,3,23.1,23.8,24.7,,,,,23.86666667,30.5,138.1,4.3,10.16666667,214.1085271,,,,,,,,
4353-4354,4353,Ames 27068,CH9,4,29.4,24.8,25.7,26.8,,,,26.675,63.4,185.9,6.2,15.85,149.9193548,,,,,,,,
3445-3446,3445,check,check,3,18.4,20.5,19.3,,,,,19.4,30.7,342.2,5.4,10.23333333,422.4691358,,,,,,,,
1503-1504,1503,PI 406112,A214N,3,19.5,19,18.6,,,,,19.03333333,34.5,126.8,6,11.5,140.8888889,,,,,,,,
1027-1028,1027,Ames 20140,Mt42,3,22.3,20.1,20.1,,,,,20.83333333,29.1,52.6,4,9.7,87.66666667,,,,,,,,
1003-1004,1003,PI 550483,B76,3,29.6,23.6,25.6,,,,,26.26666667,55.9,216.9,6.4,18.63333333,225.9375,,,,,,,,
2361-2362,2361,NSL 30038,K4,3,25.5,22.8,21.6,,,,,23.3,50.3,194.1,3.6,16.76666667,359.4444444,,,,,,,,
3131-3132,3131,PI 550522,T232,3,21.5,21.7,19.7,,,,,20.96666667,33.9,107.6,7.2,11.3,99.62962963,,,,,,,,
1051-1052,1051,check,check,3,21.9,20.5,21.5,,,,,21.3,51.6,618.6,6.5,17.2,634.4615385,,,,,,,,
3117-3118,3117,Ames 27169,NC346,3,19.8,21.9,17.6,,,,,19.76666667,19,76.3,5.7,6.333333333,89.23976608,,,,,,,,
1039-1040,1039,Ames 19330,W182B,3,18.6,23.1,19.6,,,,,20.43333333,44.8,47.8,3.5,14.93333333,91.04761905,,,,,,,,
1043-1044,1043,Ames 21512,CI31A,3,18.7,23.5,20.8,,,,,21,37.6,126,4.5,12.53333333,186.6666667,,,,,,,,
3133-3134,3133,check,check,3,19.37,23.6,18.5,,,,,20.49,39.5,367.9,5.2,13.16666667,471.6666667,,,,,,,,
1021-1022,1021,PI 686057,I29,3,24.9,26.7,26.1,,,,,25.9,48.7,204.4,4.1,16.23333333,332.3577236,,,,,,,,
3115-3116,3115,Ames 27166,NC340,3,27.7,27.3,25.3,,,,,26.76666667,52,229.1,7.1,17.33333333,215.1173709,,,,,,,,
1133-1134,1133,PI 587154,W153R,3,16.2,16.9,16.4,,,,,16.5,21.1,139.4,5.3,7.033333333,175.3459119,,,,,,,,
1019-1020,1019,PI 257507,F7,3,20.4,19.4,19.7,,,,,19.83333333,28.2,42.5,3.1,9.4,91.39784946,,,,,,,,
1029-1030,1029,PI 531085,NC262,3,26.9,26.5,25.6,,,,,26.33333333,43.8,207.7,5.7,14.6,242.9239766,,,,,,,,
1009-1010,1009,PI 587143,A682,3,21.6,18.7,20.9,,,,,20.4,43.2,229.6,6,14.4,255.1111111,,,,,,,,
3137-3138,3137,PI 606330,DE2,3,25.6,23.3,23.1,,,,,24,43.4,164.4,4.5,14.46666667,243.5555556,,,,,,,,
1007-1008,1007,Ames 23405,A239,4,17.8,20.1,20.3,21.4,,,,19.9,33.4,199.9,5.5,8.35,181.7272727,,,,,,,,
3129-3130,3129,PI 587147,Pa91,3,22.2,22.1,21.5,,,,,21.93333333,38.2,190.2,5.4,12.73333333,234.8148148,,,,,,,,
4537-4538,4537,PI 550522,T232,3,22.5,19.6,20.9,,,,,21,43,122.2,7.9,14.33333333,103.1223629,,,,,,,,
2351-2352,2351,check,check,3,28.7,26.2,26.4,,,,,27.1,69.1,216,6.7,23.03333333,214.9253731,,,,,,,,
4217-4218,4217,NSL 28966,Oh40B,3,22.6,22.6,21.6,,,,,22.26666667,62.1,199.5,5.3,20.7,250.9433962,,,,,,,,
1033-1034,1033,Ames 19016,Va59,3,21.3,21.1,21.4,,,,,21.26666667,46.5,263.6,5.7,15.5,308.3040936,,,,,,,,
3135-3136,3135,PI 506255,Tzi25,3,22.2,21.9,21.7,,,,,21.93333333,43.2,117.6,4.1,14.4,191.2195122,,,,,,,,
4021-4022,4021,Ames 27143,NC294,3,24.1,22.9,19.2,,,,,22.06666667,33.2,187.2,4.3,11.06666667,290.2325581,,,,,,,,
3471-3472,3471,Ames 19328,Va22,3,21.3,21.9,21.8,,,,,21.66666667,40.3,170,3.8,13.43333333,298.245614,,,,,,,,
4401-4402,4401,check,check,4,18.4,21.5,20.4,17.9,,,,19.55,38.8,434.6,5.3,9.7,410,,,,,,,,
3433-3434,3433,Ames 27185,Pa875,3,20.8,20.7,23.4,,,,,21.63333333,34.7,171.7,3.2,11.56666667,357.7083333,,,,,,,,
2367-2368,2367,Ames 27110,E2558W,3,17.9,19.7,19.1,,,,,18.9,35.2,104.1,5.7,11.73333333,121.754386,,,,,,,,
4035-4036,4035,Ames 27196,Yu796_NS,3,17.6,22.2,18.3,,,,,19.36666667,27.7,106.6,4.3,9.233333333,165.2713178,,,,,,,,
1105-1106,1105,Ames 22443,A188,2,21.2,20.5,,,,,,20.85,22.2,100.8,5.7,11.1,176.8421053,,,,,,,,
3405-3406,3405,PI 594047,B104,3,23.6,24.5,26.4,,,,,24.83333333,43.5,179.4,4.1,14.5,291.7073171,,,,,,,,
1107-1108,1107,PI 594046,B103,3,21.2,20,25.1,,,,,22.1,37.3,188.2,5.1,12.43333333,246.0130719,,,,,,,,
4019-4020,4019,Ames 27178,NC364,3,26.5,24.9,23.4,,,,,24.93333333,44,191,4.4,14.66666667,289.3939394,,,,,,,,
1523-1524,1523,NSL 30038,K4,3,20.5,20.8,19.6,,,,,20.3,38.1,169.5,5,12.7,226,,,,,,,,
1049-1050,1049,Ames 19309,A635,3,16.9,19.8,21.8,,,,,19.5,21.4,134.5,3.9,7.133333333,229.9145299,,,,,,,,
1511-1512,1511,Ames 27072,CML10,3,21,23.2,18,,,,,20.73333333,37.5,95.5,4.6,12.5,138.4057971,,,,,,,,
4441-4442,4441,PI 506253,Tzi18,3,28.1,29.3,28.2,,,,,28.53333333,73.1,124.3,5,24.36666667,165.7333333,,,,,,,,
1517-1518,1517,check,check,3,20.4,21.5,20.5,,,,,20.8,56.5,587.9,6.3,18.83333333,622.1164021,,,,,,,,
1013-1014,1013,PI 587138,A554,3,18.9,21.9,21.5,,,,,20.76666667,28.9,168.9,4.8,9.633333333,234.5833333,,,,,,,,
4027-4028,4027,Ames 27160,NC328,3,26.8,27.9,25.4,,,,,26.7,55.1,354.2,4.4,18.36666667,536.6666667,,,,,,,,
4029-4030,4029,Ames 19328,Va22,3,23.8,21.1,21.2,,,,,22.03333333,49.8,175.4,3.9,16.6,299.8290598,,,,,,,,
3501-3502,3501,Ames 27097,CML323,3,20.6,23.3,20.9,,,,,21.6,30.2,114.3,4.5,10.06666667,169.3333333,,,,,,,,
3553-3554,3553,check,check,3,20.9,20.6,18.1,,,,,19.86666667,33,336.3,4.9,11,457.5510204,,,,,,,,
3379-3380,3379,Ames 24989,Va99,3,24.1,21.3,20.7,,,,,22.03333333,47.9,210,5.6,15.96666667,250,,,,,,,,
3581-3582,3581,PI 592734,R229,3,23.9,25.5,26.2,,,,,25.2,52.9,234.3,3.8,17.63333333,411.0526316,,,,,,,,
3509-3510,3509,PI 587128,H84,3,21.9,21.6,21.7,,,,,21.73333333,49.8,107.3,5.8,16.6,123.3333333,,,,,,,,
3505-3506,3505,Ames 27120,Il677a,4,22.2,24.7,25.6,21.3,,,,23.45,47.8,51.6,4.7,11.95,54.89361702,,,,,,,,
3525-3526,3525,check,check,3,22.6,22.1,22.7,,,,,22.46666667,56.6,400.8,5.3,18.86666667,504.1509434,,,,,,,,
3515-3516,3515,Ames 27158,NC324,3,21.6,21.6,22.6,,,,,21.93333333,40.5,119.2,5,13.5,158.9333333,,,,,,,,
3511-3512,3511,Ames 19319,H95,3,20.9,21.4,19.1,,,,,20.46666667,18.2,74.5,3.3,6.066666667,150.5050505,,,,,,,,
3529-3530,3529,NSL 30053,W22,3,23.7,21.8,21.3,,,,,22.26666667,42.4,148.3,4.7,14.13333333,210.3546099,,,,,,,,
3577-3578,3577,Ames 26771,33-16,3,17.3,24.3,22.2,,,,,21.26666667,33.3,126.5,5,11.1,168.6666667,,,,,,,,
2533-2534,2533,PI 592734,R229,3,22.7,21.9,25.9,,,,,23.5,30.2,127.6,3.5,10.06666667,243.047619,,,,,,,,
4171-4172,4171,Ames 27176,NC360,3,25.5,20.9,22.1,,,,,22.83333333,47.4,212.1,5,15.8,282.8,,,,,,,,
4167-4168,4167,Ames 27261,NC298,3,18.9,20.3,19.5,,,,,19.56666667,40.9,483.5,6.6,13.63333333,488.3838384,,,,,,,,
3375-3376,3375,PI 587149,Va26,3,26.8,23.3,26.8,,,,,25.63333333,40.4,178.5,5.8,13.46666667,205.1724138,,,,,,,,
4157-4158,4157,Ames 27172,NC352,3,23.7,22.9,18.4,,,,,21.66666667,26.3,167.2,6.7,8.766666667,166.3681592,,,,,,,,
3383-3384,3383,PI 550518,T8,3,16.2,16.3,18.8,,,,,17.1,21.8,90.8,4.8,7.266666667,126.1111111,,,,,,,,
3527-3528,3527,Ames 12731,NC230,3,24.2,25,19.6,,,,,22.93333333,30.4,124.4,4.8,10.13333333,172.7777778,,,,,,,,
3531-3532,3531,Ames 27182,NC372,3,27.8,24.6,27.6,,,,,26.66666667,45.6,212.2,3.8,15.2,372.2807018,,,,,,,,
3367-3368,3367,Ames 27118,Il14H,4,21.6,20.1,19.9,21.5,,,,20.775,28.6,120.7,5.5,7.15,109.7272727,,,,,,,,
4551-4552,4551,Ames 19308,A634,4,23.3,25.4,23.9,25.3,,,,24.475,56.3,155.5,5.3,14.075,146.6981132,,,,,,,,
3377-3378,3377,check,check,3,19.9,20.2,19.6,,,,,19.9,34.3,347.5,4.6,11.43333333,503.6231884,,,,,,,,
4275-4276,4275,Ames 27184,Pa762,3,23.8,23.2,23.2,,,,,23.4,32.7,161.2,5.5,10.9,195.3939394,,,,,,,,
3539-3540,3539,Ames 27190,T234,3,25.1,20.8,21.5,,,,,22.46666667,41.9,133.4,5,13.96666667,177.8666667,,,,,,,,
3555-3556,3555,PI 587142,A679,3,20.6,24.5,21.9,,,,,22.33333333,34.9,176.7,4.3,11.63333333,273.9534884,,,,,,,,
3559-3560,3559,PI 558532,Mo17,3,18.2,18.5,18.8,,,,,18.5,32.4,127.3,5.5,10.8,154.3030303,,,,,,,,
3563-3564,3563,Ames 27160,NC328,3,22.6,24.6,25.4,,,,,24.2,46,262.3,4.3,15.33333333,406.6666667,,,,,,,,
3573-3574,3573,PI 606768,SD40,3,19.8,18.6,21.6,,,,,20,34.5,208.2,5.7,11.5,243.5087719,,,,,,,,
3237-3238,3237,PI 540745,Tzi11,3,18.4,19.7,18.4,,,,,18.83333333,19.6,86.2,4.5,6.533333333,127.7037037,,,,,,,,
3567-3568,3567,PI 583350,Mo45,3,25.7,22.2,22.1,,,,,23.33333333,47.1,214.4,3.6,15.7,397.037037,,,,,,,,
3513-3514,3513,PI 594048,B105,3,27.2,22.8,26.1,,,,,25.36666667,54.7,248.5,4.9,18.23333333,338.0952381,,,,,,,,
3537-3538,3537,Ames 27176,NC360,3,20.1,20.7,22.9,,,,,21.23333333,32.5,116.2,5.1,10.83333333,151.8954248,,,,,,,,
3519-3520,3519,check,check,3,18.6,18.6,18.4,,,,,18.53333333,29.6,290.1,5,9.866666667,386.8,,,,,,,,
3579-3580,3579,Ames 31536,A214NGoodman-Buckler,3,16.6,19.1,20.2,,,,,18.63333333,37,50.6,6,12.33333333,56.22222222,,,,,,,,
3551-3552,3551,check,check,3,24.9,20.3,19.9,,,,,21.7,42.8,398.4,5.8,14.26666667,457.9310345,,,,,,,,
2529-2530,2529,Ames 31534,CI90CGoodman-Buckler,3,19.6,19.2,18.4,,,,,19.06666667,20.2,51.9,3,6.733333333,115.3333333,,,,,,,,
4141-4142,4141,Ames 27193,Va85,3,22.8,21.4,21.3,,,,,21.83333333,69.6,299.2,5.9,23.2,338.079096,,,,,,,,
4175-4176,4175,check,check,3,21.4,20.1,18.7,,,,,20.06666667,55.6,620.5,5.9,18.53333333,701.1299435,,,,,,,,
4319-4320,4319,Ames 10248,GA209,3,17.1,19.2,20.5,,,,,18.93333333,14.3,147.7,5.2,4.766666667,189.3589744,,,,,,,,
3381-3382,3381,Ames 27196,Yu796_NS,3,19.8,14.3,18.5,,,,,17.53333333,19.5,106.7,4.1,6.5,173.495935,,,,,,,,
3521-3522,3521,Ames 27175,NC358,3,18.5,19.1,20.1,,,,,19.23333333,26.2,90.9,3.6,8.733333333,168.3333333,,,,,,,,
3363-3364,3363,Ames 27143,NC294,3,19.8,23.2,24.5,,,,,22.5,37.5,132.5,4.5,12.5,196.2962963,,,,,,,,
3361-3362,3361,Ames 27159,NC326,3,27.1,26.5,26.2,,,,,26.6,61.6,205.6,4.4,20.53333333,311.5151515,,,,,,,,
3365-3366,3365,Ames 27180,NC368,3,26.1,25,24.6,,,,,25.23333333,39.7,193.7,6.8,13.23333333,189.9019608,,,,,,,,
3311-3312,3311,Ames 27083,CML154Q,3,29.4,31.9,33.2,,,,,31.5,114.1,65.9,4,38.03333333,109.8333333,,,,,,,,
3319-3320,3319,Ames 12732,NC232,3,30,31.2,28,,,,,29.73333333,77.8,253.5,4.6,25.93333333,367.3913043,,,,,,,,
3069-3070,3069,check,check,4,20.2,20.6,20,19.6,,,,20.1,52.2,568.9,5.3,13.05,536.6981132,,,,,,,,
4547-4548,4547,Ames 23450,A556,3,22.8,22.9,23.6,,,,,23.1,46.8,143.6,5.6,15.6,170.952381,,,,,,,,
4179-4180,4179,PI 587152,W64A,3,25.7,26.4,26.5,,,,,26.2,57.4,234.7,4.1,19.13333333,381.6260163,,,,,,,,
3321-3322,3321,Ames 27137,N6,3,26.2,23.4,25.2,,,,,24.93333333,46.1,229.2,4.3,15.36666667,355.3488372,,,,,,,,
3317-3318,3317,Ames 27164,NC336,3,20.7,21.4,21.3,,,,,21.13333333,23.5,84.7,4.5,7.833333333,125.4814815,,,,,,,,
3061-3062,3061,PI 583352,Mo47,3,19.8,20.4,21.6,,,,,20.6,29.1,136.8,4.3,9.7,212.0930233,,,,,,,,
3047-3048,3047,PI 587143,A682,3,20.1,20.6,15.9,,,,,18.86666667,25.6,135.6,6.4,8.533333333,141.25,,,,,,,,
3077-3078,3077,PI 550490,ND246,3,18.3,17.6,18.1,,,,,18,37.6,84.4,3.5,12.53333333,160.7619048,,,,,,,,
3059-3060,3059,Ames 20140,Mt42,3,19.5,20.3,20.9,,,,,20.23333333,25.3,85.6,3.7,8.433333333,154.2342342,,,,,,,,
3071-3072,3071,PI 587145,NC268,3,18.2,16.4,18.2,,,,,17.6,29.3,174.9,5,9.766666667,233.2,,,,,,,,
3347-3348,3347,PI 550467,B37,3,23.3,28.4,26.8,,,,,26.16666667,63.4,147.2,6.2,21.13333333,158.2795699,,,,,,,,
3337-3338,3337,PI 587152,W64A,3,23.2,23.4,26.2,,,,,24.26666667,40.9,150.4,3.9,13.63333333,257.0940171,,,,,,,,
3079-3080,3079,Ames 28186,P39,4,19.5,19.6,18.9,17.1,,,,18.775,25.4,71.2,4.6,6.35,77.39130435,,,,,,,,
4583-4584,4583,PI 531085,NC262,3,17.8,20.4,15.9,,,,,18.03333333,16,109,3.9,5.333333333,186.3247863,,,,,,,,
3055-3056,3055,PI 587124,CM105,3,27.2,24.9,24.1,,,,,25.4,67,118.7,4.3,22.33333333,184.0310078,,,,,,,,
4173-4174,4173,Ames 27182,NC372,3,27.2,26.2,26.5,,,,,26.63333333,80.3,390.7,4.4,26.76666667,591.969697,,,,,,,,
3343-3344,3343,PI 564682,B97,3,21.4,22.7,23.8,,,,,22.63333333,48.2,212.4,6.3,16.06666667,224.7619048,,,,,,,,
4183-4184,4183,Ames 27183,Oh43E,3,22.7,20.7,21.3,,,,,21.56666667,69.6,762.5,5.9,23.2,861.5819209,,,,,,,,
4473-4474,4473,check,check,3,17.4,20.1,20.5,,,,,19.33333333,52.8,547.6,6.8,17.6,536.8627451,,,,,,,,
3217-3218,3217,PI 531084,NC258,3,23.1,24.1,22.7,,,,,23.3,39.2,115.9,4.7,13.06666667,164.3971631,,,,,,,,
3211-3212,3211,check,check,3,18.3,18.8,20.6,,,,,19.23333333,33.3,312.2,4.7,11.1,442.8368794,,,,,,,,
1315-1316,1315,Ames 27165,NC338,3,23.6,24.1,19.8,,,,,22.5,57,364.7,5.8,19,419.1954023,,,,,,,,
1307-1308,1307,check,check,3,20.9,19.6,19.7,,,,,20.06666667,47,491.2,5.3,15.66666667,617.8616352,,,,,,,,
3229-3230,3229,Ames 27131,Ky226,3,22.1,23.2,23.8,,,,,23.03333333,42.3,149.8,4.2,14.1,237.7777778,,,,,,,,
3213-3214,3213,Ames 27086,CML218,3,19.7,22.4,19.9,,,,,20.66666667,24.3,47.3,2.6,8.1,121.2820513,,,,,,,,
4417-4418,4417,Ames 28184,CML69,3,20.5,18.4,17.6,,,,,18.83333333,43.4,321.4,5.1,14.46666667,420.130719,,,,,,,,
1323-1324,1323,check,check,3,18.8,20.2,20.6,,,,,19.86666667,49.5,527.8,7.3,16.5,482.0091324,,,,,,,,
2467-2468,2467,check,check,3,20,20.4,19.9,,,,,20.1,43.3,450.8,5.9,14.43333333,509.3785311,,,,,,,,
3231-3232,3231,check,check,3,18.5,20.1,21,,,,,19.86666667,35.8,324.4,5.1,11.93333333,424.0522876,,,,,,,,
2555-2556,2555,check,check,3,20.5,19,22.5,,,,,20.66666667,50.3,475.8,5,16.76666667,634.4,,,,,,,,
3209-3210,3209,Ames 27085,CML158Q,3,25.3,25.2,25.1,,,,,25.2,47.4,101,3.1,15.8,217.2043011,,,,,,,,
1333-1334,1333,PI 506255,Tzi25,3,24.2,24.41,21.2,,,,,23.27,42.5,139.4,4.1,14.16666667,226.6666667,,,,,,,,
1319-1320,1319,Ames 27170,NC348,3,19.7,18.3,16.2,,,,,18.06666667,26.1,133.2,5.6,8.7,158.5714286,,,,,,,,
3233-3234,3233,PI 506247,Tzi9,3,23.8,24.6,23.2,,,,,23.86666667,33.9,145.2,4.1,11.3,236.097561,,,,,,,,
4351-4352,4351,PI 608774,B75,3,24,23.4,23.8,,,,,23.73333333,52,236.2,5.9,17.33333333,266.8926554,,,,,,,,
3223-3224,3223,PI 587144,Mo24W,3,28.9,27.5,27.9,,,,,28.1,71.4,138.3,1.9,23.8,485.2631579,,,,,,,,
1325-1326,1325,Ames 27156,NC320,3,21.6,20.7,23,,,,,21.76666667,32.9,208,4.1,10.96666667,338.2113821,,,,,,,,
1305-1306,1305,Ames 27082,CML108,3,27,28.5,28.3,,,,,27.93333333,57.2,132.7,4.3,19.06666667,205.7364341,,,,,,,,
1311-1312,1311,check,check,3,17.7,20.2,20,,,,,19.3,27.6,353,4.2,9.2,560.3174603,,,,,,,,
4307-4308,4307,check,check,4,20.7,19,21.8,20.7,,,,20.55,58.2,707.9,6.4,14.55,553.046875,,,,,,,,
1321-1322,1321,Ames 27110,E2558W,3,20.8,18.5,21.8,,,,,20.36666667,40.4,234.6,5.3,13.46666667,295.0943396,,,,,,,,
3219-3220,3219,Ames 27144,NC296,3,22.5,20.3,22,,,,,21.6,20.5,106.7,4.2,6.833333333,169.3650794,,,,,,,,
1337-1338,1337,PI 506246,Tzi8,3,20.4,20.5,23.8,,,,,21.56666667,54.6,603.2,6,18.2,670.2222222,,,,,,,,
1339-1340,1339,Ames 26808,Ill.Hy,3,27.5,24.6,26.7,,,,,26.26666667,39.7,144.4,6.7,13.23333333,143.681592,,,,,,,,
4339-4340,4339,PI 506255,Tzi25,3,18.5,19,22.9,,,,,20.13333333,40.7,168.3,5.2,13.56666667,215.7692308,,,,,,,,
2459-2460,2459,Ames 10248,GA209,3,19.2,24,18.9,,,,,20.7,24.1,110.5,4.3,8.033333333,171.3178295,,,,,,,,
2345-2346,2345,check,check,3,21,22.3,20.4,,,,,21.23333333,36.2,369.1,4.7,12.06666667,523.5460993,,,,,,,,
1329-1330,1329,Ames 27129,KUI2021,3,28.4,28.9,24.4,,,,,27.23333333,51.2,92,3.3,17.06666667,185.8585859,,,,,,,,
2119-2120,2119,check,check,3,22.2,21.1,21,,,,,21.43333333,35.4,381.9,4.9,11.8,519.5918367,,,,,,,,
1331-1332,1331,check,check,3,21.8,21.1,24.4,,,,,22.43333333,54.1,498.7,6.4,18.03333333,519.4791667,,,,,,,,
2125-2126,2125,Ames 27158,NC324,3,21.8,23.1,22.4,,,,,22.43333333,39.1,178.9,4.9,13.03333333,243.4013605,,,,,,,,
2103-2104,2103,Ames 21512,CI31A,3,22.8,20.5,20.8,,,,,21.36666667,27.5,92.3,4.2,9.166666667,146.5079365,,,,,,,,
1341-1342,1341,PI 587147,Pa91,3,22.7,23,24.9,,,,,23.53333333,45,195.5,5.1,15,255.5555556,,,,,,,,
4301-4302,4301,check,check,3,21,16.1,18.8,,,,,18.63333333,33.5,415.6,4.5,11.16666667,615.7037037,,,,,,,,
3225-3226,3225,Ames 27110,E2558W,4,18.2,22.2,20.1,25.4,,,,21.475,56.6,306.8,5.1,14.15,300.7843137,,,,,,,,
4357-4358,4357,PI 686057,I29,3,20.9,22.7,21,,,,,21.53333333,29.9,38.2,1.7,9.966666667,149.8039216,,,,,,,,
1309-1310,1309,check,check,3,22.3,20.8,20.6,,,,,21.23333333,41.5,465.7,4.6,13.83333333,674.9275362,,,,,,,,
4413-4414,4413,check,check,3,21.4,22.5,20.7,,,,,21.53333333,47.7,599.9,5.8,15.9,689.5402299,,,,,,,,
3215-3216,3215,Ames 27170,NC348,3,17.8,17.8,16.2,,,,,17.26666667,19.9,50.3,3.9,6.633333333,85.98290598,,,,,,,,
4409-4410,4409,check,check,3,22.3,20,21.5,,,,,21.26666667,39.4,499,5.4,13.13333333,616.0493827,,,,,,,,
2113-2114,2113,Ames 27097,CML323,3,25.5,23,24.9,,,,,24.46666667,35.1,131.2,5,11.7,174.9333333,,,,,,,,
1301-1302,1301,Ames 26604,38-11,3,20.3,25.5,22.2,,,,,22.66666667,45.2,129.7,4.3,15.06666667,201.0852713,,,,,,,,
2479-2480,2479,PI 606330,DE2,3,25.6,24.2,26.5,,,,,25.43333333,43.9,183.4,4.6,14.63333333,265.7971014,,,,,,,,
2481-2482,2481,Ames 26808,Ill.Hy,3,27.1,25.1,25.6,,,,,25.93333333,41.7,221.6,6.2,13.9,238.2795699,,,,,,,,
4359-4360,4359,Ames 27104,CMV3,3,21,24,23,,,,,22.66666667,25.3,64.1,3.5,8.433333333,122.0952381,,,,,,,,
1335-1336,1335,check,check,3,21.8,19.8,19.6,,,,,20.4,46.9,527.4,5.4,15.63333333,651.1111111,,,,,,,,
2459-2460,2459,Ames 10248,GA209,3,18.9,19.9,18.2,,,,,19,17.7,87.7,4.8,5.9,121.8055556,,,,,,,,
1303-1304,1303,Ames 27085,CML158Q,3,19.1,26.1,26.7,,,,,23.96666667,45.7,76.7,3.8,15.23333333,134.5614035,,,,,,,,
4303-4304,4303,check,check,3,21.8,19.2,19.5,,,,,20.16666667,45.3,515.8,4.6,15.1,747.5362319,,,,,,,,
4421-4422,4421,Ames 27165,NC338,3,24.9,24.5,25.3,,,,,24.9,49.3,381.9,5.8,16.43333333,438.9655172,,,,,,,,
3203-3204,3203,check,check,3,21.4,20.5,22,,,,,21.3,42.4,432,5.1,14.13333333,564.7058824,,,,,,,,
4355-4356,4355,PI 587143,A682,4,20.3,20.7,20.1,20.6,,,,20.425,50.5,289.5,6.1,12.625,237.295082,,,,,,,,
4357-4358,4357,PI 686057,I29,4,21.1,19.9,19.5,19.9,,,,20.1,33.6,71.8,5.8,8.4,61.89655172,,,,,,,,
1343-1344,1343,PI 587142,A679,4,22.1,25.5,24.6,22.7,,,,23.725,68.2,337.4,5,17.05,337.4,,,,,,,,
4313-4314,4313,PI 550465,B68,3,20.2,23.2,24.5,,,,,22.63333333,57.6,204.1,4.4,19.2,309.2424242,,,,,,,,
4315-4316,4315,Ames 27133,M37W,4,26.2,25.1,23.2,22.7,,,,24.3,66.1,250.1,5.5,16.525,227.3636364,,,,,,,,
4309-4310,4309,Ames 27081,CML103,3,25.7,27.2,23.4,,,,,25.43333333,101.5,634.2,7.3,33.83333333,579.1780822,,,,,,,,
4323-4324,4323,Ames 12729,NC222,3,24.9,23.7,25.4,,,,,24.66666667,32.5,132.9,4.6,10.83333333,192.6086957,,,,,,,,
4403-4404,4403,check,check,3,19.4,19.6,20.6,,,,,19.86666667,27.9,345.4,4.8,9.3,479.7222222,,,,,,,,
4305-4306,4305,Ames 26604,38-11,3,21.5,20,18.8,,,,,20.1,30.3,159.5,4.5,10.1,236.2962963,,,,,,,,
2153-2154,2153,PI 594046,B103,3,19.1,17.7,19.7,,,,,18.83333333,37.9,142.4,6.3,12.63333333,150.6878307,,,,,,,,
1537-1538,1537,PI 558520,Mo1W,3,23.5,25.3,23.2,,,,,24,43.9,230.4,4.7,14.63333333,326.8085106,,,,,,,,
2167-2168,2167,PI 583352,Mo47,3,20.3,22,20.1,,,,,20.8,33.1,116.7,4.2,11.03333333,185.2380952,,,,,,,,
3045-3046,3045,Ames 27068,CH9,3,26.2,24.8,25.1,,,,,25.36666667,43.4,139.6,5.6,14.46666667,166.1904762,,,,,,,,
3119-3120,3119,Ames 27155,NC318,3,16.5,16.4,16.7,,,,,16.53333333,20,88.9,3.1,6.666666667,191.1827957,,,,,,,,
1541-1542,1541,PI 506253,Tzi18,3,25.4,25.8,24.3,,,,,25.16666667,59,131.9,5.1,19.66666667,172.4183007,,,,,,,,
1531-1532,1531,Ames 27179,NC366,3,21.4,18.4,19.7,,,,,19.83333333,36.6,129.4,5.2,12.2,165.8974359,,,,,,,,
1527-1528,1527,Ames 27121,K64,3,25.6,25.6,23.4,,,,,24.86666667,56.1,214.3,5.6,18.7,255.1190476,,,,,,,,
1525-1526,1525,check,check,3,20.9,20.8,20.3,,,,,20.66666667,62.9,628.3,6.4,20.96666667,654.4791667,,,,,,,,
1535-1536,1535,Ames 27131,Ky226,4,26.2,21.6,22.4,23.1,,,,23.325,67.2,255.9,4.2,16.8,304.6428571,,,,,,,,
2173-2174,2173,check,check,3,20.2,21.8,18.9,,,,,20.3,44.5,460.7,5.8,14.83333333,529.5402299,,,,,,,,
2147-2148,2147,PI 608774,B75,3,22.2,22.5,22.3,,,,,22.33333333,52.3,239.1,6.3,17.43333333,253.015873,,,,,,,,
2179-2180,2179,Ames 27163,NC334,3,17.9,14.6,17.4,,,,,16.63333333,24.2,111.3,3.9,8.066666667,190.2564103,,,,,,,,
3333-3334,3333,Ames 27184,Pa762,3,21.5,23.7,24.1,,,,,23.1,33.6,137.1,5.3,11.2,172.4528302,,,,,,,,
2141-2142,2141,PI 587152,W64A,3,21.2,24.6,23.2,,,,,23,40.8,157.6,3.8,13.6,276.4912281,,,,,,,,
3345-3346,3345,NSL 30904,4226,3,21.8,21.2,23.1,,,,,22.03333333,45.5,199.6,4.9,15.16666667,271.5646259,,,,,,,,
3315-3316,3315,check,check,3,22.1,20.7,19.9,,,,,20.9,40.8,413.9,5,13.6,551.8666667,,,,,,,,
3101-3102,3101,Ames 27082,CML108,3,23.2,25.1,22.1,,,,,23.46666667,44.6,45.2,4.1,14.86666667,73.49593496,,,,,,,,
2143-2144,2143,Ames 22443,A188,3,18.7,18.9,17.9,,,,,18.5,27.1,70.7,6.4,9.033333333,73.64583333,,,,,,,,
3307-3308,3307,Ames 27087,CML220,3,25.6,24.1,25.2,,,,,24.96666667,36,84.9,5.2,12,108.8461538,,,,,,,,
3313-3314,3313,Ames 27112,F2834T,3,15.5,16.7,16.8,,,,,16.33333333,22.7,43,6.3,7.566666667,45.5026455,,,,,,,,
3105-3106,3105,check,check,3,20.9,20.5,18.5,,,,,19.96666667,25.3,239.9,5.1,8.433333333,313.5947712,,,,,,,,
3325-3326,3325,Ames 27147,NC302,3,20.7,21.2,19.3,,,,,20.4,22.6,106.1,5.8,7.533333333,121.954023,,,,,,,,
3327-3328,3327,Ames 28366,N7A,3,22.1,21.4,20.2,,,,,21.23333333,39,212.8,5.3,13,267.672956,,,,,,,,
3341-3342,3341,check,check,3,21.8,18.3,18.1,,,,,19.4,30,268.6,4.3,10,416.4341085,,,,,,,,
4273-4274,4273,check,check,3,20.3,20.2,19.2,,,,,19.9,47.2,555.3,6.1,15.73333333,606.8852459,,,,,,,,
1265-1266,1265,Ames 27174,NC356,3,21.7,19.5,20.6,,,,,20.6,22.4,131,4.3,7.466666667,203.1007752,,,,,,,,
2063-2064,2063,Ames 27070,CM7,4,17.4,21.6,17.3,20.2,,,,19.125,25.9,29.4,4.8,6.475,30.625,,,,,,,,
1259-1260,1259,Ames 12732,NC232,3,31.4,30.8,31.1,,,,,31.1,86.4,335.7,5.1,28.8,438.8235294,,,,,,,,
1271-1272,1271,PI 587150,Va35,4,23.6,21.5,21.2,21.1,,,,21.85,77.6,390.4,6,19.4,325.3333333,,,,,,,,
2057-2058,2057,PI 257507,F7,4,20.3,20.4,20.2,18.5,,,,19.85,39.9,92.7,3.1,9.975,149.516129,,,,,,,,
1273-1274,1273,Ames 27194,W401,3,20.8,20.7,21.5,,,,,21,46.3,67.9,3.7,15.43333333,122.3423423,,,,,,,,
1069-1070,1069,Ames 27147,NC302,3,20.5,20.8,20.7,,,,,20.66666667,27,161.6,6.5,9,165.7435897,,,,,,,,
3407-3408,3407,Ames 22754,K55,3,28.4,29.1,27,,,,,28.16666667,40.9,168.9,4.4,13.63333333,255.9090909,,,,,,,,
4203-4204,4203,Ames 27069,CH701-30,3,16.2,18.5,19.5,,,,,18.06666667,34.6,209.2,5.3,11.53333333,263.1446541,,,,,,,,
4227-4228,4227,Ames 27168,NC344,3,23.4,23.2,23.7,,,,,23.43333333,60,297.4,4.6,20,431.0144928,,,,,,,,
4239-4240,4239,check,check,3,20.1,18.8,21.6,,,,,20.16666667,55.4,526.1,4.9,18.46666667,715.7823129,,,,,,,,
2067-2068,2067,Ames 27104,CMV3,4,23.9,22.8,22.7,21.4,,,,22.7,29.8,70.9,3.8,7.45,93.28947368,,,,,,,,
2073-2074,2073,PI 550490,ND246,5,19.3,19.5,19.5,17.9,21.4,,,19.52,56.1,162.4,3.6,11.22,180.4444444,,,,,,,,
4407-4408,4407,check,check,3,20.3,21.2,20.2,,,,,20.56666667,54.1,626.3,6.3,18.03333333,662.7513228,,,,,,,,
4229-4230,4229,Ames 31536,A214NGoodman-Buckler,3,23.2,23.1,19.6,,,,,21.96666667,73.5,414.2,7.2,24.5,383.5185185,,,,,,,,
2301-2302,2301,PI 550469,B46,3,23.9,22.9,21.2,,,,,22.66666667,48.9,197.1,3.3,16.3,398.1818182,,,,,,,,
4233-4234,4233,Ames 28367,CI7Goodman-Buckler,3,21.6,19.6,25.5,,,,,22.23333333,49,145,5.5,16.33333333,175.7575758,,,,,,,,
4269-4270,4269,Ames 27147,NC302,3,20.2,18.2,18.3,,,,,18.9,18.1,115.3,4.4,6.033333333,174.6969697,,,,,,,,
4333-4334,4333,check,check,3,21.4,21.1,22.4,,,,,21.63333333,58.8,616.8,6.2,19.6,663.2258065,,,,,,,,
1283-1284,1283,Ames 27182,NC372,3,24.9,25.8,25.4,,,,,25.36666667,67.5,328.7,4.6,22.5,476.3768116,,,,,,,,
2327-2328,2327,Ames 27168,NC344,3,22.5,25.2,25.2,,,,,24.3,45.1,213,5,15.03333333,284,,,,,,,,
4267-4268,4267,check,check,3,21.8,18.3,21.1,,,,,20.4,66.6,647.4,6.6,22.2,653.9393939,,,,,,,,
3427-3428,3427,PI 550555,NC250,3,21.5,22.5,22.7,,,,,22.23333333,43.1,177.9,5.5,14.36666667,215.6363636,,,,,,,,
4243-4244,4243,PI 550472,B57,3,25.1,24.9,23.8,,,,,24.6,61.1,229.6,5.7,20.36666667,268.5380117,,,,,,,,
4423-4424,4423,NSL 30038,K4,3,18.8,20.1,17.9,,,,,18.93333333,34.7,187.9,3.9,11.56666667,321.1965812,,,,,,,,
1057-1058,1057,check,check,3,19.9,20.8,19.4,,,,,20.03333333,44.8,553.7,6.4,14.93333333,576.7708333,,,,,,,,
1267-1268,1267,Ames 27138,N28Ht,3,23.3,22.4,24.1,,,,,23.26666667,40.1,197.9,4.1,13.36666667,321.7886179,,,,,,,,
4557-4558,4557,check,check,3,22.2,20.6,22.7,,,,,21.83333333,63.8,684.1,6.4,21.26666667,712.6041667,,,,,,,,
2139-2140,2139,Ames 27176,NC360,3,19.2,19.1,22.1,,,,,20.13333333,37,155.4,4.7,12.33333333,220.4255319,,,,,,,,
1275-1276,1275,PI 686066,SG18,3,18.6,17.2,17.9,,,,,17.9,33.4,157.5,2.8,11.13333333,375,,,,,,,,
1263-1264,1263,PI 583351,Mo46,3,26.8,30.1,23.4,,,,,26.76666667,49.6,203.2,5.3,16.53333333,255.5974843,,,,,,,,
3401-3402,3401,PI 587131,HP301,3,18.5,17.8,17.7,,,,,18,21.9,57.6,2.2,7.3,174.5454545,,,,,,,,
4055-4056,4055,PI 594048,B105,3,21.5,22.6,23.2,,,,,22.43333333,54.2,288.8,4.7,18.06666667,409.6453901,,,,,,,,
3479-3480,3479,Ames 31534,CI90CGoodman-Buckler,3,20.9,23,19.4,,,,,21.1,32.5,135.6,3.2,10.83333333,282.5,,,,,,,,
2461-2462,2461,Ames 27155,NC318,3,17.1,17.1,18.3,,,,,17.5,28.1,155,4,9.366666667,258.3333333,,,,,,,,
1255-1256,1255,PI 587128,H84,3,21.4,22.6,21.7,,,,,21.9,31.3,140.3,6.2,10.43333333,150.8602151,,,,,,,,
4367-4368,4367,PI 686063,IDS91,3,15.3,19.5,17.8,,,,,17.53333333,25.3,84.8,2.5,8.433333333,226.1333333,,,,,,,,
1067-1068,1067,Ames 27172,NC352,3,21.5,22.4,21.9,,,,,21.93333333,25.4,118,5.3,8.466666667,148.427673,,,,,,,,
1063-1064,1063,PI 520774,NC264,3,20.2,17.9,18.5,,,,,18.86666667,21.8,120.9,4.6,7.266666667,175.2173913,,,,,,,,
1277-1278,1277,Ames 27190,T234,4,23.6,20.2,21.8,21.1,,,,21.675,51.3,250.7,5.1,12.825,245.7843137,,,,,,,,
4245-4246,4245,check,check,3,21.7,21.5,21.9,,,,,21.7,70,686.6,6.6,23.33333333,693.5353535,,,,,,,,
4329-4330,4329,PI 506247,Tzi9,3,21.9,22.3,22.8,,,,,22.33333333,47.6,269.8,4.7,15.86666667,382.6950355,,,,,,,,
2049-2050,2049,Ames 23450,A556,3,24.2,21.5,21.7,,,,,22.46666667,55.7,185.7,6.6,18.56666667,187.5757576,,,,,,,,
2457-2458,2457,Ames 27134,M162W,3,23.5,26.7,23.3,,,,,24.5,47.2,323.6,5.6,15.73333333,385.2380952,,,,,,,,
1055-1056,1055,Ames 27112,F2834T,3,20.5,19.9,17.5,,,,,19.3,33.6,67,6.6,11.2,67.67676768,,,,,,,,
4511-4512,4511,Ames 27096,CML322,4,16.6,20.1,19.6,18.1,,,,18.6,58.4,99.2,3,14.6,165.3333333,,,,,,,,
1081-1082,1081,Ames 27181,NC370,3,19.7,18.9,20.4,,,,,19.66666667,26.7,176.8,4.7,8.9,250.7801418,,,,,,,,
2303-2304,2303,PI 686059,IDS28,4,15.8,15.5,20.1,17.4,,,,17.2,27.1,105.2,2.6,6.775,202.3076923,,,,,,,,
2045-2046,2045,NSL 81599,A659,3,24.5,23.3,25.8,,,,,24.53333333,49.4,143.6,5.7,16.46666667,167.9532164,,,,,,,,
2069-2070,2069,Ames 27105,CO106,3,18.1,19.3,23.3,,,,,20.23333333,37.8,81.4,3.6,12.6,150.7407407,,,,,,,,
4059-4060,4059,Ames 27158,NC324,4,22.7,21.2,20.2,21.7,,,,21.45,42.9,232.5,5.4,10.725,215.2777778,,,,,,,,
4343-4344,4343,Ames 23405,A239,3,22.5,23.9,21.5,,,,,22.63333333,53.4,115.8,7,17.8,110.2857143,,,,,,,,
2101-2102,2101,Ames 19309,A635,3,20.5,19.3,19.4,,,,,19.73333333,38.7,213.7,4.6,12.9,309.7101449,,,,,,,,
4365-4366,4365,Ames 24752,MS1334,3,18.5,19.7,22.5,,,,,20.23333333,42.6,18.7,3.1,14.2,40.21505376,,,,,,,,
4077-4078,4077,PI 686066,SG18,4,18.3,17.4,16.5,18.9,,,,17.775,37.7,150.3,2.3,9.425,326.7391304,,,,,,,,
2331-2332,2331,CIze 44,CI44,3,20.5,20.3,22.5,,,,,21.1,38.5,133.7,5.2,12.83333333,171.4102564,,,,,,,,
1261-1262,1261,Ames 27124,Ki11,3,24.1,29.9,29.2,,,,,27.73333333,55.6,47.2,5.1,18.53333333,61.69934641,,,,,,,,
2071-2072,2071,Ames 27162,NC332,3,26.3,26.9,26.2,,,,,26.46666667,50.4,214,3.9,16.8,365.8119658,,,,,,,,
2059-2060,2059,PI 686057,I29,3,25.6,24.1,23.3,,,,,24.33333333,43.1,247.6,4.3,14.36666667,383.875969,,,,,,,,
4241-4242,4241,Ames 31535,38-11Goodman-Buckler,3,23.3,21.2,25.9,,,,,23.46666667,41.8,177.8,4.5,13.93333333,263.4074074,,,,,,,,
2135-2136,2135,PI 587151,Va102,3,22.9,20.8,22.2,,,,,21.96666667,47.8,240.5,5.3,15.93333333,302.5157233,,,,,,,,
4411-4412,4411,Ames 27086,CML218,3,24.2,23.8,20.5,,,,,22.83333333,44.9,113.2,4.9,14.96666667,154.0136054,,,,,,,,
2075-2076,2075,Ames 19288,Oh43,4,26,24.7,23.9,22.4,,,,24.25,42.2,204.6,4,10.55,255.75,,,,,,,,
2047-2048,2047,Ames 23405,A239,4,22.1,22.5,21.8,21.5,,,,21.975,44.4,222.5,4.8,11.1,231.7708333,,,,,,,,
2011-2012,2011,check,check,3,22.6,22.5,20.8,,,,,21.96666667,56.6,589.6,5.8,18.86666667,677.7011494,,,,,,,,
2275-2276,2275,Ames 27152,NC312,3,21,22,19.5,,,,,20.83333333,39.5,179.4,6.2,13.16666667,192.9032258,,,,,,,,
2281-2282,2281,check,check,3,22.2,19.4,18.5,,,,,20.03333333,41.5,409.1,6.3,13.83333333,432.9100529,,,,,,,,
2259-2260,2259,Ames 28364,IA2132,3,17.4,21.5,18.5,,,,,19.13333333,21.9,151.8,4.3,7.3,235.3488372,,,,,,,,
2255-2256,2255,PI 587124,CM105,3,25.4,23.1,24.7,,,,,24.4,54.4,126.9,4.7,18.13333333,180,,,,,,,,
4043-4044,4043,Ames 27097,CML323,3,25.2,25.6,21.7,,,,,24.16666667,18.7,108.8,3.4,6.233333333,213.3333333,,,,,,,,
4047-4048,4047,PI 608766,B79,3,20.6,24.2,21.4,,,,,22.06666667,41.6,123.8,5.5,13.86666667,150.0606061,,,,,,,,
2253-2254,2253,PI 587143,A682,3,19.1,20.6,19.1,,,,,19.6,46.3,221.1,6.4,15.43333333,230.3125,,,,,,,,
2511-2512,2511,Ames 23503,A680,3,23.2,22,26.5,,,,,23.9,57,268.2,4.1,19,436.097561,,,,,,,,
2257-2258,2257,Ames 24752,MS1334,4,23.4,18.1,20.1,21.3,,,,20.725,58.8,139.2,4,14.7,174,,,,,,,,
2039-2040,2039,PI 686065,SA24,3,15.7,16.3,15.9,,,,,15.96666667,27.6,83.1,2.3,9.2,240.8695652,,,,,,,,
3273-3274,3273,check,check,3,18.2,17.9,20.2,,,,,18.76666667,39.2,443.3,5.3,13.06666667,557.6100629,,,,,,,,
2507-2508,2507,PI 564682,B97,3,20.7,22.1,20.3,,,,,21.03333333,44.6,196.3,6.2,14.86666667,211.0752688,,,,,,,,
2521-2522,2521,check,check,3,18.5,21.9,18.2,,,,,19.53333333,37,341.6,5.3,12.33333333,429.6855346,,,,,,,,
1467-1468,1467,NSL 28966,Oh40B,3,22.7,21.1,21.1,,,,,21.63333333,58.3,185.5,5.5,19.43333333,224.8484848,,,,,,,,
3403-3404,3403,PI 550472,B57,3,25,24,21.9,,,,,23.63333333,47.6,244.5,5.6,15.86666667,291.0714286,,,,,,,,
3013-3014,3013,check,check,3,18.4,18.2,20.3,,,,,18.96666667,34.7,349.8,5.1,11.56666667,457.254902,,,,,,,,
3037-3038,3037,check,check,3,19.6,18.8,19.9,,,,,19.43333333,32.3,307.8,5.2,10.76666667,394.6153846,,,,,,,,
2027-2028,2027,Ames 27172,NC352,3,22,22.7,21.8,,,,,22.16666667,37.1,203.4,6.7,12.36666667,202.3880597,,,,,,,,
2509-2510,2509,PI 597927,B109,3,23.1,24.1,24.5,,,,,23.9,46.7,166.5,5,15.56666667,222,,,,,,,,
2261-2262,2261,NSL 30867,M14,3,24.2,22.7,22.6,,,,,23.16666667,55.6,210.7,5.4,18.53333333,260.1234568,,,,,,,,
2249-2250,2249,check,check,3,20.9,21,19.4,,,,,20.43333333,42.7,430.1,5.9,14.23333333,485.9887006,,,,,,,,
3247-3248,3247,Ames 19316,CM174,3,25,24,24.4,,,,,24.46666667,53.6,117.3,4.7,17.86666667,166.3829787,,,,,,,,
2013-2014,2013,Ames 22754,K55,3,28.7,28.6,27.6,,,,,28.3,60.9,230.3,4.4,20.3,348.9393939,,,,,,,,
1455-1456,1455,PI 597927,B109,3,26.4,24.9,22.7,,,,,24.66666667,54.4,317,4.7,18.13333333,449.6453901,,,,,,,,
2029-2030,2029,PI 686066,SG18,4,18.6,17.9,19.7,17.4,,,,18.4,36.9,157.6,2.7,9.225,291.8518519,,,,,,,,
1457-1458,1457,Ames 27167,NC342,3,22.2,23.4,26.2,,,,,23.93333333,43.2,136.8,5.2,14.4,175.3846154,,,,,,,,
2513-2514,2513,PI 587142,A679,3,22.8,22.6,23.5,,,,,22.96666667,55.2,334,4.5,18.4,494.8148148,,,,,,,,
2001-2002,2001,PI 587131,HP301,4,17.4,17.5,17,17.4,,,,17.325,35.9,104.7,1.7,8.975,307.9411765,,,,,,,,
1083-1084,1083,PI 686065,SA24,3,15.7,15.4,16.5,,,,,15.86666667,27.7,108.2,2.8,9.233333333,257.6190476,,,,,,,,
2041-2042,2041,Ames 27185,Pa875,3,16.9,18.2,17.4,,,,,17.5,17.9,100.2,2.8,5.966666667,238.5714286,,,,,,,,
2271-2272,2271,Ames 27150,NC308,3,19.7,18.9,20.3,,,,,19.63333333,42.4,203.5,5.4,14.13333333,251.2345679,,,,,,,,
3003-3004,3003,NSL 65865,B10,3,20,21.1,20.7,,,,,20.6,54.3,137.6,5.6,18.1,163.8095238,,,,,,,,
4501-4502,4501,check,check,3,18.9,19.3,18.3,,,,,18.83333333,35.4,471.7,5.5,11.8,571.7575758,,,,,,,,
3283-3284,3283,check,check,3,19.7,22.7,21.3,,,,,21.23333333,56.4,566.1,6.5,18.8,580.6153846,,,,,,,,
3009-3010,3009,check,check,3,19,18.5,20.1,,,,,19.2,33.1,322.7,4.9,11.03333333,439.047619,,,,,,,,
1483-1484,1483,check,check,3,19.4,18.3,16.5,,,,,18.06666667,37.9,423.3,5.1,12.63333333,553.3333333,,,,,,,,
2025-2026,2025,Ames 27261,NC298,3,20.3,18.6,25.3,,,,,21.4,48.9,411.6,5.6,16.3,490,,,,,,,,
3019-3020,3019,check,check,3,18.9,21.3,19.9,,,,,20.03333333,31,284.9,4.6,10.33333333,412.8985507,,,,,,,,
1463-1464,1463,PI 583350,Mo45,3,24.4,20.2,23.7,,,,,22.76666667,57.8,243.2,3.9,19.26666667,415.7264957,,,,,,,,
2515-2516,2515,PI 558532,Mo17,3,17.8,16.8,19.4,,,,,18,40.4,278.8,6.3,13.46666667,295.026455,,,,,,,,
1477-1478,1477,PI 592734,R229,3,25.4,25.9,24.1,,,,,25.13333333,56.4,267.8,4.3,18.8,415.1937984,,,,,,,,
1469-1470,1469,Ames 27151,NC310,3,23.2,26.8,25.2,,,,,25.06666667,50.5,219.5,3.1,16.83333333,472.0430108,,,,,,,,
2017-2018,2017,Ames 12732,NC232,3,33.4,31.3,30.3,,,,,31.66666667,78.1,326.4,5.1,26.03333333,426.6666667,,,,,,,,
2425-2426,2425,Ames 27160,NC328,3,23,25.4,23.9,,,,,24.1,55.5,262.8,4.4,18.5,398.1818182,,,,,,,,
1451-1452,1451,PI 550467,B37,4,27.4,27.3,23.4,25.9,,,,26,104.3,273.9,5.2,26.075,263.3653846,,,,,,,,
1447-1448,1447,PI 608765,B77,3,20.5,21.4,20,,,,,20.63333333,30.6,151.4,5,10.2,201.8666667,,,,,,,,
1465-1466,1465,Ames 27180,NC368,3,22.8,24.7,22.8,,,,,23.43333333,40.9,253.7,6.8,13.63333333,248.7254902,,,,,,,,
3251-3252,3251,PI 587141,A654,4,24.8,20.5,21.3,24.5,,,,22.775,98.2,274.3,5.7,24.55,240.6140351,,,,,,,,
1479-1480,1479,Ames 27196,Yu796_NS,3,20.3,20,21.4,,,,,20.56666667,40.3,155,5.6,13.43333333,184.5238095,,,,,,,,
1453-1454,1453,Ames 19314,CI64,3,25.4,26.1,26.5,,,,,26,53.8,292.1,5.8,17.93333333,335.7471264,,,,,,,,
3255-3256,3255,Ames 19308,A634,3,22.9,24.1,26.2,,,,,24.4,58.2,184.5,5.6,19.4,219.6428571,,,,,,,,
1449-1450,1449,Ames 26116,CI3A,3,19.8,24.6,23.9,,,,,22.76666667,28.2,85.6,3.8,9.4,150.1754386,,,,,,,,
3249-3250,3249,PI 550483,B76,4,22.9,23.5,23.5,24.4,,,,23.575,59.9,149.1,6.9,14.975,108.0434783,,,,,,,,
1459-1460,1459,NSL 65873,L317,3,20.2,22.2,20.7,,,,,21.03333333,63.9,100.4,4.7,21.3,142.4113475,,,,,,,,
3279-3280,3279,PI 550566,N192,3,25.2,24.1,23.7,,,,,24.33333333,62.8,241.7,5.1,20.93333333,315.9477124,,,,,,,,
2519-2520,2519,Ames 27180,NC368,3,24.3,23.7,23.1,,,,,23.7,41,220.8,6.7,13.66666667,219.7014925,,,,,,,,
1475-1476,1475,Ames 26771,33-16,3,19.3,26.5,24.5,,,,,23.43333333,50.5,287.3,5.8,16.83333333,330.2298851,,,,,,,,
2265-2266,2265,PI 686063,IDS91,3,18.2,16.2,18,,,,,17.46666667,29.2,78.4,2,9.733333333,261.3333333,,,,,,,,
1473-1474,1473,PI 587132,Sg1533,3,17.4,18.5,17.7,,,,,17.86666667,22.6,76.5,2.6,7.533333333,196.1538462,,,,,,,,
3257-3258,3257,Ames 24734,MS153,3,24.8,25.1,25.9,,,,,25.26666667,44.8,178.3,5.3,14.93333333,224.2767296,,,,,,,,
2263-2264,2263,Ames 27111,EP1,3,16.9,16.5,19.6,,,,,17.66666667,16.3,50.4,3.9,5.433333333,86.15384615,,,,,,,,
3027-3028,3027,PI 550558,DE811,3,23.2,22.1,24.7,,,,,23.33333333,42,172.1,4.1,14,279.8373984,,,,,,,,
3277-3278,3277,Ames 27150,NC308,3,22.2,22.4,21.5,,,,,22.03333333,48.4,177.7,6,16.13333333,197.4444444,,,,,,,,
2417-2418,2417,PI 517974,Pa880,3,26.1,23.8,26.3,,,,,25.4,69.4,186,4.5,23.13333333,275.5555556,,,,,,,,
3271-3272,3271,PI 531085,NC262,3,26.1,24.8,27.2,,,,,26.03333333,49.4,193.8,6.2,16.46666667,208.3870968,,,,,,,,
1573-1574,1573,Ames 19328,Va22,3,24.5,20.8,23.5,,,,,22.93333333,55.3,254.9,3.9,18.43333333,435.7264957,,,,,,,,
2353-2354,2353,Ames 27081,CML103,3,19.1,20.7,22.5,,,,,20.76666667,26.6,86.6,2.5,8.866666667,230.9333333,,,,,,,,
2043-2044,2043,PI 587138,A554,3,22.8,20.8,22,,,,,21.86666667,26.5,112.5,3.9,8.833333333,192.3076923,,,,,,,,
2369-2370,2369,check,check,3,19.1,19.2,19.9,,,,,19.4,38.5,401.8,5.2,12.83333333,515.1282051,,,,,,,,
2375-2376,2375,Ames 22748,H100,3,22.2,21.9,21.1,,,,,21.73333333,34.9,122.1,5.6,11.63333333,145.3571429,,,,,,,,
4579-4580,4579,PI 524969,SD44,4,26.7,26.1,26.8,25.7,,,,26.325,69.9,419.4,5.6,17.475,374.4642857,,,,,,,,
1581-1582,1581,Ames 27187,R4,3,20.7,24.4,23.1,,,,,22.73333333,41.6,165.5,2.8,13.86666667,394.047619,,,,,,,,
1075-1076,1075,check,check,3,20.3,18.6,20.5,,,,,19.8,32.7,390.8,5.2,10.9,501.025641,,,,,,,,
2357-2358,2357,Ames 27156,NC320,3,19.8,20.8,19.9,,,,,20.16666667,38.3,217.2,4.5,12.76666667,321.7777778,,,,,,,,
4549-4550,4549,PI 587138,A554,3,20.7,21.1,23.9,,,,,21.9,38.5,127.1,4.6,12.83333333,184.2028986,,,,,,,,
1215-1216,1215,NSL 30867,M14,3,18.9,19.9,20,,,,,19.6,35.2,181.5,4.2,11.73333333,288.0952381,,,,,,,,
3467-3468,3467,Ames 27168,NC344,3,21.2,23.2,22.3,,,,,22.23333333,35.5,117,4,11.83333333,195,,,,,,,,
4571-4572,4571,check,check,3,20.4,22.1,21.4,,,,,21.3,58.4,609.6,6.7,19.46666667,606.5671642,,,,,,,,
4325-4326,4325,Ames 27155,NC318,3,18.4,15.1,18,,,,,17.16666667,26.8,157,4.1,8.933333333,255.2845528,,,,,,,,
1073-1074,1073,check,check,3,17.7,21.1,21.4,,,,,20.06666667,43,491,5.9,14.33333333,554.8022599,,,,,,,,
2023-2024,2023,Ames 27147,NC302,3,21.6,22.7,23.3,,,,,22.53333333,29.6,185.3,6.2,9.866666667,199.2473118,,,,,,,,
4513-4514,4513,PI 587130,4722,3,21.1,20.9,21.6,,,,,21.2,29.3,124.5,3.5,9.766666667,237.1428571,,,,,,,,
4225-4226,4225,PI 558532,Mo17,3,20.3,20.4,20.1,,,,,20.26666667,47.6,348,7.1,15.86666667,326.7605634,,,,,,,,
4323-4324,4323,Ames 12729,NC222,3,21.8,23.8,23.2,,,,,22.93333333,44.1,67.8,5.9,14.7,76.61016949,,,,,,,,
2557-2558,2557,PI 531084,NC258,3,20.1,22.6,22.5,,,,,21.73333333,30.5,106.2,4.6,10.16666667,153.9130435,,,,,,,,
4573-4574,4573,PI 550566,N192,4,22.3,24.3,25.3,25.1,,,,24.25,71.8,353,5.4,17.95,326.8518519,,,,,,,,
4223-4224,4223,Ames 27159,NC326,3,29.9,28.3,27.6,,,,,28.6,60,263.8,3.8,20,462.8070175,,,,,,,,
1211-1212,1211,PI 550440,B64,3,19.8,21.2,20.1,,,,,20.36666667,42,72.5,4.7,14,102.8368794,,,,,,,,
1201-1202,1201,PI 607521,A661,4,21.5,21.5,20.9,21.8,,,,21.425,66,105.2,5,16.5,105.2,,,,,,,,
1065-1066,1065,check,check,3,18.1,20.1,20,,,,,19.4,46.7,519.5,5.7,15.56666667,607.6023392,,,,,,,,
3437-3438,3437,check,check,3,23,21.1,19.9,,,,,21.33333333,54.4,526.4,5.8,18.13333333,605.0574713,,,,,,,,
4279-4280,4279,Ames 27181,NC370,3,19.1,18.7,18.9,,,,,18.9,26.7,155.3,4.8,8.9,215.6944444,,,,,,,,
4221-4222,4221,Ames 27180,NC368,3,23.8,24.9,25.7,,,,,24.8,50.7,216.7,6.9,16.9,209.3719807,,,,,,,,
2003-2004,2003,PI 550472,B57,3,23.5,25.1,24.8,,,,,24.46666667,41.7,270.7,5.7,13.9,316.6081871,,,,,,,,
1077-1078,1077,PI 587152,W64A,3,17.1,20.8,21.9,,,,,19.93333333,17.1,101.7,3.5,5.7,193.7142857,,,,,,,,
4219-4220,4219,Ames 28939,Mo44,3,22.7,23.1,21.1,,,,,22.3,61.2,264.1,5.4,20.4,326.0493827,,,,,,,,
1243-1244,1243,Ames 27097,CML323,3,19.4,25.6,21.3,,,,,22.1,31.4,78.5,4.8,10.46666667,109.0277778,,,,,,,,
1137-1138,1137,Ames 19288,Oh43,3,25.8,23.3,23.8,,,,,24.3,52.1,277.6,5.2,17.36666667,355.8974359,,,,,,,,
4237-4238,4237,Ames 24989,Va99,3,23.4,19.6,22.6,,,,,21.86666667,39.3,183.7,4.7,13.1,260.5673759,,,,,,,,
1209-1210,1209,Ames 27068,CH9,3,25.5,26.3,25.3,,,,,25.7,50.2,182.2,5.5,16.73333333,220.8484848,,,,,,,,
1231-1232,1231,Ames 27163,NC334,3,16.1,17.3,18.1,,,,,17.16666667,26.1,150.2,4.4,8.7,227.5757576,,,,,,,,
1249-1250,1249,PI 594048,B105,3,24.5,23.6,20.7,,,,,22.93333333,57.4,243.6,4.9,19.13333333,331.4285714,,,,,,,,
1251-1252,1251,Ames 22754,K55,3,27.3,28.6,29.7,,,,,28.53333333,72.7,241.4,4.4,24.23333333,365.7575758,,,,,,,,
1221-1222,1221,PI 587129,H99,3,19.1,20.9,19.6,,,,,19.86666667,44.9,109.1,5.4,14.96666667,134.691358,,,,,,,,
4561-4562,4561,PI 587129,H99,3,16.9,17.2,19.4,,,,,17.83333333,25.7,129,4.9,8.566666667,175.5102041,,,,,,,,
1207-1208,1207,NSL 81599,A659,3,29.7,30.3,30.5,,,,,30.16666667,74.5,114.7,6.2,24.83333333,123.3333333,,,,,,,,
1139-1140,1139,check,check,3,22.7,19.6,23.1,,,,,21.8,58.3,604.5,6.3,19.43333333,639.6825397,,,,,,,,
4581-4582,4581,check,check,3,20.5,17.9,20.7,,,,,19.7,44.6,585.6,6.1,14.86666667,640,,,,,,,,
1205-1206,1205,PI 587124,CM105,3,24.4,24.5,28.4,,,,,25.76666667,61.1,163.4,4.8,20.36666667,226.9444444,,,,,,,,
1217-1218,1217,Ames 28364,IA2132,3,25.2,26.7,20.9,,,,,24.26666667,32.9,165.6,4.3,10.96666667,256.744186,,,,,,,,
4521-4522,4521,PI 531084,NC258,3,22.9,23.6,25.8,,,,,24.1,56.3,221.1,5.1,18.76666667,289.0196078,,,,,,,,
1235-1236,1235,Ames 27152,NC312,3,20.6,21.4,18.9,,,,,20.3,38.4,152.5,6,12.8,169.4444444,,,,,,,,
4539-4540,4539,check,check,3,21.3,22.5,22.2,,,,,22,58.2,651.5,6.6,19.4,658.0808081,,,,,,,,
1237-1238,1237,Ames 27150,NC308,3,21.5,21.4,21.7,,,,,21.53333333,46,162.9,5.4,15.33333333,201.1111111,,,,,,,,
1203-1204,1203,Ames 19308,A634,3,22.2,21.9,24.8,,,,,22.96666667,52.3,233.6,5.7,17.43333333,273.2163743,,,,,,,,
1225-1226,1225,PI 583352,Mo47,3,21.4,22.7,23.1,,,,,22.4,41.6,129,4.5,13.86666667,191.1111111,,,,,,,,
2379-2380,2379,PI 506255,Tzi25,3,21.2,23.2,23.8,,,,,22.73333333,50.3,159.4,5.1,16.76666667,208.3660131,,,,,,,,
1131-1132,1131,check,check,3,19.5,23.5,22.1,,,,,21.7,61.2,667.3,7,20.4,635.5238095,,,,,,,,
2359-2360,2359,Ames 27165,NC338,4,26.9,25,23.1,25,, ,,#VALUE!,74.5,388.2,5,18.625,388.2,,,,,,,,
2373-2374,2373,Ames 27131,Ky226,3,23.5,24.7,24.3,,,,,24.16666667,56.3,150.4,5,18.76666667,200.5333333,,,,,,,,
1125-1126,1125,Ames 27107,CO255,3,21.5,20.1,21.1,,,,,20.9,25.9,79.2,3.9,8.633333333,135.3846154,,,,,,,,
1103-1104,1103,PI 608774,B75,3,23.3,21.6,22.8,,,,,22.56666667,44.4,259.6,6.8,14.8,254.5098039,,,,,,,,
2365-2366,2365,Ames 27144,NC296,3,22.3,24.4,23.1,,,,,23.26666667,28.6,157.9,3.5,9.533333333,300.7619048,,,,,,,,
4567-4568,4567,PI 257507,F7,5,18.5,19.9,19,20.2,17.6,,,19.04,41.1,27.7,2.8,8.22,39.57142857,,,,,,,,
1109-1110,1109,check,check,3,22.8,21.4,21.3,,,,,21.83333333,51.1,562.3,5.6,17.03333333,669.4047619,,,,,,,,
4457-4458,4457,Ames 24734,MS153,4,26.5,23.3,25.8,26.5,,,,25.525,57,262.1,5.8,14.25,225.9482759,,,,,,,,
1179-1180,1179,PI 573098,Oh603,3,21.2,23.9,22.9,,,,,22.66666667,45.4,196.5,6.4,15.13333333,204.6875,,,,,,,,
4445-4446,4445,PI 550440,B64,3,18.4,19.6,19.8,,,,,19.26666667,54.9,138,4.1,18.3,224.3902439,,,,,,,,
3177-3178,3177,Ames 19288,Oh43,3,22.7,24.2,23,,,,,23.3,39.2,174.5,4.4,13.06666667,264.3939394,,,,,,,,
1369-1370,1369,PI 558532,Mo17,3,18.7,19.5,19.5,,,,,19.23333333,41.9,284.9,6.6,13.96666667,287.7777778,,,,,,,,
3533-3534,3533,PI 573098,Oh603,3,21.6,23.5,25,,,,,23.36666667,36.2,157.1,5.7,12.06666667,183.7426901,,,,,,,,
3163-3164,3163,Ames 24752,MS1334,3,20.6,21.4,20.9,,,,,20.96666667,43.3,62.5,2,14.43333333,208.3333333,,,,,,,,
3183-3184,3183,Ames 27163,NC334,3,16.9,18.3,16.8,,,,,17.33333333,30.6,167.2,4.5,10.2,247.7037037,,,,,,,,
1355-1356,1355,NSL 30904,4226,3,20.7,20.4,23.6,,,,,21.56666667,43.9,212.6,3.9,14.63333333,363.4188034,,,,,,,,
3541-3542,3541,PI 686066,SG18,3,17.7,18.5,18,,,,,18.06666667,30.3,124,2,10.1,413.3333333,,,,,,,,
1145-1146,1145,PI 608766,B79,3,27.4,30.2,30.7,,,,,29.43333333,42.1,135.2,5,14.03333333,180.2666667,,,,,,,,
1179-1180,1179,PI 573098,Oh603,3,20.1,23.6,21.6,,,,,21.76666667,32.4,163.2,5.6,10.8,194.2857143,,,,,,,,
4447-4448,4447,PI 594046,B103,3,23.2,22.5,21.5,,,,,22.4,40,153.3,5,13.33333333,204.4,,,,,,,,
1163-1164,1163,Ames 28366,N7A,3,21.9,20.3,21.2,,,,,21.13333333,46.2,253.3,5.6,15.4,301.547619,,,,,,,,
1175-1176,1175,PI 587151,Va102,3,23.5,21.4,23.9,,,,,22.93333333,66.8,249.5,5.2,22.26666667,319.8717949,,,,,,,,
3173-3174,3173,check,check,3,22.4,19.7,21.5,,,,,21.2,44.7,420.8,5.4,14.9,519.5061728,,,,,,,,
3169-3170,3169,PI 686063,IDS91,3,19.2,17.7,18.2,,,,,18.36666667,26.1,80,2.2,8.7,242.4242424,,,,,,,,
4453-4454,4453,PI 607521,A661,3,18.5,19.6,21.8,,,,,19.96666667,40.7,78.1,4.4,13.56666667,118.3333333,,,,,,,,
4437-4438,4437,Ames 27179,NC366,3,19.7,22.6,20.9,,,,,21.06666667,36.4,155.1,5.8,12.13333333,178.2758621,,,,,,,,
4443-4444,4443,PI 587124,CM105,3,24.7,26.6,28.9,,,,,26.73333333,68.5,115.8,4.6,22.83333333,167.826087,,,,,,,,
1359-1360,1359,Ames 27143,NC294,3,21.5,18.7,24.2,,,,,21.46666667,28.1,162.6,3.9,9.366666667,277.9487179,,,,,,,,
3155-3156,3155,PI 587138,A554,3,21.7,21.5,19.6,,,,,20.93333333,36.4,177.9,5.1,12.13333333,232.5490196,,,,,,,,
1373-1374,1373,check,check,3,18.8,21.3,20.8,,,,,20.3,65.3,650.5,7.2,21.76666667,602.3148148,,,,,,,,
1171-1172,1171,Ames 27184,Pa762,3,23.5,25.7,26.5,,,,,25.23333333,48.5,290.1,5.5,16.16666667,351.6363636,,,,,,,,
1161-1162,1161,Ames 27137,N6,3,24.6,25.6,23.8,,,,,24.66666667,51.6,232,5,17.2,309.3333333,,,,,,,,
4123-4124,4123,Ames 27149,NC306,3,22.9,22.4,23.2,,,,,22.83333333,44.2,213.6,5.3,14.73333333,268.6792453,,,,,,,,
1163-1164,1163,Ames 28366,N7A,3,21.9,22.3,23.9,,,,,22.7,51.2,300.3,5.3,17.06666667,377.7358491,,,,,,,,
4103-4104,4103,Ames 23503,A680,3,23.4,22.7,23.9,,,,,23.33333333,49.5,236.3,4.8,16.5,328.1944444,,,,,,,,
4461-4462,4461,Ames 20190,CM37,3,18.2,22.6,23.8,,,,,21.53333333,18,17.1,4.2,6,27.14285714,,,,,,,,
4435-4436,4435,Ames 27131,Ky226,3,21.3,23.6,23.6,,,,,22.83333333,44.1,136.7,4.6,14.7,198.115942,,,,,,,,
1165-1166,1165,Ames 27164,NC336,3,20.5,23.6,18.7,,,,,20.93333333,30.4,58.2,6,10.13333333,64.66666667,,,,,,,,
4415-4416,4415,Ames 27169,NC346,3,19.7,17.4,20.8,,,,,19.3,19.6,52.5,6.1,6.533333333,57.37704918,,,,,,,,
3171-3172,3171,Ames 27152,NC312,3,19.7,19,19.6,,,,,19.43333333,39.8,177.8,4.8,13.26666667,246.9444444,,,,,,,,
3153-3154,3153,NSL 81599,A659,3,27.8,28.3,25.6,,,,,27.23333333,70.9,217.5,5.7,23.63333333,254.3859649,,,,,,,,
1351-1352,1351,Ames 23503,A680,3,25,23.1,23,,,,,23.7,66.1,266.4,4.9,22.03333333,362.4489796,,,,,,,,
1153-1154,1153,PI 594047,B104,3,26.9,25.1,25.3,,,,,25.76666667,65.8,234.3,5.2,21.93333333,300.3846154,,,,,,,,
4427-4428,4427,Ames 27166,NC340,3,24.9,23,25.3,,,,,24.4,53.4,302.5,7.2,17.8,280.0925926,,,,,,,,
4113-4114,4113,PI 597927,B109,3,23.6,24.5,21.8,,,,,23.3,58.4,351.4,5.8,19.46666667,403.908046,,,,,,,,
1363-1364,1363,Ames 27177,NC362,3,22.9,22.5,25.7,,,,,23.7,49.8,193.4,5.1,16.6,252.8104575,,,,,,,,
1357-1358,1357,check,check,3,19.2,19.9,20.1,,,,,19.73333333,46,543.5,4.8,15.33333333,754.8611111,,,,,,,,
4105-4106,4105,check,check,3,21.7,21,21.3,,,,,21.33333333,55.7,650.7,6.6,18.56666667,657.2727273,,,,,,,,
4155-4156,4155,check,check,3,21.3,21.5,22.6,,,,,21.8,80.7,783.4,6.7,26.9,779.5024876,,,,,,,,
4133-4134,4133,check,check,3,20.4,17.6,20.2,,,,,19.4,52.2,519.3,6.1,17.4,567.5409836,,,,,,,,
4149-4150,4149,Ames 19284,C103,3,25.3,26.1,23.3,,,,,24.9,70,261.8,5.6,23.33333333,311.6666667,,,,,,,,
4109-4110,4109,PI 550469,B46,3,22.1,22.3,24.8,,,,,23.06666667,91,258.2,5.9,30.33333333,291.7514124,,,,,,,,
4151-4152,4151,Ames 22754,K55,3,29.6,32.2,32.1,,,,,31.3,86.7,336,5,28.9,448,,,,,,,,
4127-4128,4127,PI 583350,Mo45,3,26.3,19.4,21.6,,,,,22.43333333,49.9,244.4,3.3,16.63333333,493.7373737,,,,,,,,
4131-4132,4131,PI 606768,SD40,3,24.4,21.2,21.4,,,,,22.33333333,20.5,176.1,4.9,6.833333333,239.5918367,,,,,,,,
1353-1354,1353,PI 550473,B73,3,25.7,26.9,27.5,,,,,26.7,65.1,282.9,4.1,21.7,460,,,,,,,,
1365-1366,1365,PI 517974,Pa880,3,21.6,24.2,25,,,,,23.6,51.7,140.7,4.6,17.23333333,203.9130435,,,,,,,,
4125-4126,4125,NSL 65874,Os420,3,28.2,25.2,28.5,,,,,27.3,62.4,209.5,4.9,20.8,285.0340136,,,,,,,,
1379-1380,1379,Ames 31535,38-11Goodman-Buckler,4,24.2,22.9,19.9,19.6,,,,21.65,61.9,318.3,4.4,15.475,361.7045455,,,,,,,,
3547-3548,3547,Ames 27066,B164,3,22.6,21.2,20.6,,,,,21.46666667,41.6,209.5,4,13.86666667,349.1666667,,,,,,,,
4145-4146,4145,Ames 27087,CML220,3,29,26.3,23.9,,,,,26.4,47.6,163.8,6.9,15.86666667,158.2608696,,,,,,,,
1375-1376,1375,Ames 31536,A214NGoodman-Buckler,4,18.5,19.1,17.6,19.2,,,,18.6,46.4,207.4,5.5,11.6,188.5454545,,,,,,,,
3549-3550,3549,PI 550473,B73,3,25,24.1,25.9,,,,,25,40.6,144.7,3.6,13.53333333,267.962963,,,,,,,,
4147-4148,4147,Ames 27083,CML154Q,3,27.5,30.3,31.9,,,,,29.9,97.1,246.7,4.7,32.36666667,349.929078,,,,,,,,
4379-4380,4379,Ames 19330,W182B,3,20.8,19.8,16.7,,,,,19.1,32,52.2,3.3,10.66666667,105.4545455,,,,,,,,
4117-4118,4117,NSL 30894,R177,3,22.2,20.7,23.7,,,,,22.2,61,54.4,5.3,20.33333333,68.42767296,,,,,,,,
4481-4482,4481,Ames 27154,NC316,5,20.2,20.2,20.3,20.3,19.2,,,20.04,66.4,90.5,3.8,13.28,95.26315789,,,,,,,,
4469-4470,4469,Ames 28364,IA2132,4,24,22.8,26.9,21.9,,,,23.9,37.8,197.7,3.9,9.45,253.4615385,,,,,,,,
4001-4002,4001,PI 550467,B37,3,23.8,20.5,24.7,,,,,23,49.6,52,5.4,16.53333333,64.19753086,,,,,,,,
1409-1410,1409,check,check,3,19.7,19.1,19.6,,,,,19.46666667,41.9,528,5.3,13.96666667,664.1509434,,,,,,,,
4459-4460,4459,check,check,3,21.4,20.6,22.5,,,,,21.5,70.9,751.9,6.8,23.63333333,737.1568627,,,,,,,,
4451-4452,4451,check,check,3,20.8,20.8,21.6,,,,,21.06666667,57.5,665.6,6.4,19.16666667,693.3333333,,,,,,,,
1143-1144,1143,Ames 27087,CML220,3,26.5,27.4,25.9,,,,,26.6,47.6,126.4,6.8,15.86666667,123.9215686,,,,,,,,
1443-1444,1443,PI 564682,B97,4,23.7,23.2,22.2,23.9,,,,23.25,54.6,242.2,6.2,13.65,195.3225806,,,,,,,,
1151-1152,1151,Ames 27083,CML154Q,4,26.5,24.4,31.4,28.4,,,,27.675,128.4,173.8,4.6,32.1,188.9130435,,,,,,,,
2229-2230,2229,Ames 27183,Oh43E,3,21.2,20.6,22.1,,,,,21.3,24.5,93.5,4.8,8.166666667,129.8611111,,,,,,,,
4369-4370,4369,NSL 30867,M14,4,22.1,21.1,22.3,26.2,,,,22.925,59.8,323.1,4.9,14.95,329.6938776,,,,,,,,
4373-4374,4373,Ames 27150,NC308,4,21.4,23.4,22.9,23.5,,,,22.8,70.4,238.1,6.1,17.6,195.1639344,,,,,,,,
1169-1170,1169,Ames 27175,NC358,3,20.2,20.8,20,,,,,20.33333333,38.4,169.3,4.4,12.8,256.5151515,,,,,,,,
4005-4006,4005,NSL 30904,4226,3,22.3,24.8,25.7,,,,,24.26666667,58.2,243.4,4.4,19.4,368.7878788,,,,,,,,
4477-4478,4477,Ames 27163,NC334,3,19.2,18.4,18.2,,,,,18.6,29.5,135.7,4.1,9.833333333,220.6504065,,,,,,,,
1405-1406,1405,Ames 27086,CML218,3,20.9,21.5,21.3,,,,,21.23333333,42.7,103.5,4,14.23333333,172.5,,,,,,,,
4371-4372,4371,Ames 19326,R168,3,18.7,19.8,16.3,,,,,18.26666667,23.3,102.4,2.1,7.766666667,325.0793651,,,,,,,,
4433-4434,4433,check,check,3,20,21.9,18.4,,,,,20.1,48.7,557.1,6,16.23333333,619,,,,,,,,
1549-1550,1549,check,check,3,21.3,18.6,22.7,,,,,20.86666667,51.7,604.5,5.8,17.23333333,694.8275862,,,,,,,,
1407-1408,1407,Ames 27081,CML103,3,22.7,20.5,18.8,,,,,20.66666667,31.1,129.3,3.5,10.36666667,246.2857143,,,,,,,,
4439-4440,4439,PI 606330,DE2,4,24.7,26.8,23.5,28.1,,,,25.775,58,163.7,6.1,14.5,134.1803279,,,,,,,,
1557-1558,1557,Ames 27149,NC306,3,23.3,23,23.2,,,,,23.16666667,48.6,187.7,5.5,16.2,227.5151515,,,,,,,,
1403-1404,1403,check,check,3,19.7,18.2,19.7,,,,,19.2,39.6,479.5,5.4,13.2,591.9753086,,,,,,,,
2223-2224,2223,check,check,3,20.9,20.7,21.1,,,,,20.9,45.2,461.8,5.2,15.06666667,592.0512821,,,,,,,,
1415-1416,1415,Ames 27134,M162W,3,22.3,22.8,26.6,,,,,23.9,29.1,276.2,6.1,9.7,301.8579235,,,,,,,,
1427-1428,1427,NSL 22893,F44,3,19.5,14.2,16.9,,,,,16.86666667,23.4,92.3,3.6,7.8,170.9259259,,,,,,,,
1417-1418,1417,Ames 27133,M37W,3,23.2,22.3,23.2,,,,,22.9,43.9,119.9,5.2,14.63333333,153.7179487,,,,,,,,
2213-2214,2213,PI 606329,DE1,4,26.3,24.3,25.4,29.8,,,,26.45,41.8,92.4,3.6,10.45,128.3333333,,,,,,,,
1413-1414,1413,PI 587130,4722,3,20.5,19.5,20.5,,,,,20.16666667,44.3,91.2,2.8,14.76666667,217.1428571,,,,,,,,
2203-2204,2203,PI 587128,H84,3,23.4,24.7,18.2,,,,,22.1,38.7,159.6,4,12.9,266,,,,,,,,
4475-4476,4475,Ames 27161,NC330,2,24.2,24.3,,,,,,24.25,56.9,157.4,3.9,28.45,403.5897436,,,,,,,,
4015-4016,4015,Ames 27177,NC362,6,20.9,18.1,19.7,18.6,21.3,22.1,,20.11666667,48.4,204.4,3.5,8.066666667,194.6666667,,,,,,,,
1429-1430,1429,Ames 27189,SC55,3,22.6,23.1,22.6,,,,,22.76666667,33.3,173.5,4.5,11.1,257.037037,,,,,,,,
4375-4376,4375,PI 550490,ND246,3,21.9,18.4,17.6,,,,,19.3,37.1,53.9,2.9,12.36666667,123.908046,,,,,,,,
2207-2208,2207,Ames 27112,F2834T,3,19.1,17.8,19.6,,,,,18.83333333,29.8,135.1,6.5,9.933333333,138.5641026,,,,,,,,
1419-1420,1419,Ames 27155,NC318,3,15.5,16.2,16.1,,,,,15.93333333,23,132.2,3.9,7.666666667,225.982906,,,,,,,,
1425-1426,1425,PI 531084,NC258,3,21.9,23.5,22.2,,,,,22.53333333,44.2,168.7,4.7,14.73333333,239.2907801,,,,,,,,
1439-1440,1439,PI 506247,Tzi9,3,20.8,21.1,20.3,,,,,20.73333333,45.5,528.1,5.4,15.16666667,651.9753086,,,,,,,,
4463-4464,4463,PI 583352,Mo47,3,22.6,22.6,23.9,,,,,23.03333333,41.1,182.6,4,13.7,304.3333333,,,,,,,,
1575-1576,1575,Ames 31534,CI90CGoodman-Buckler,3,23.5,20.9,20.7,,,,,21.7,45.2,160.1,3.2,15.06666667,333.5416667,,,,,,,,
2245-2246,2245,Ames 19308,A634,3,20.1,23.8,25.6,,,,,23.16666667,54,176.7,6.5,18,181.2307692,,,,,,,,
4007-4008,4007,PI 564682,B97,3,22.6,22.2,21.4,,,,,22.06666667,40.5,213.7,6.6,13.5,215.8585859,,,,,,,,
4429-4430,4429,PI 558520,Mo1W,3,24.8,23.3,22.4,,,,,23.5,41.3,144.2,3.8,13.76666667,252.9824561,,,,,,,,
4431-4432,4431,Ames 26808,Ill.Hy,3,27.2,28.2,30.9,,,,,28.76666667,51.9,219.6,6.7,17.3,218.5074627,,,,,,,,
1563-1564,1563,Ames 27160,NC328,3,27.1,24.6,25.7,,,,,25.8,40.8,241.7,3.8,13.6,424.0350877,,,,,,,,
1561-1562,1561,Ames 27178,NC364,4,25.6,24.1,25.1,25.9,,,,25.175,56,267.3,4.2,14,318.2142857,,,,,,,,
4017-4018,4017,Ames 27167,NC342,3,23.7,23.5,22.9,,,,,23.36666667,37.9,181.1,5.2,12.63333333,232.1794872,,,,,,,,
1435-1436,1435,PI 606330,DE2,3,25.8,27.1,29.6,,,,,27.5,67.9,228.3,5.2,22.63333333,292.6923077,,,,,,,,
4033-4034,4033,Ames 31534,CI90CGoodman-Buckler,3,22.4,20.9,19.8,,,,,21.03333333,38.1,168.9,3.2,12.7,351.875,,,,,,,,
4031-4032,4031,Ames 19293,Wf9,3,20.2,21.1,21.5,,,,,20.93333333,32.3,213.7,4.4,10.76666667,323.7878788,,,,,,,,
2231-2232,2231,NSL 30053,W22,4,19.9,22.3,23.1,23.7,,,,22.25,54,133.1,4.1,13.5,162.3170732,,,,,,,,
1569-1570,1569,Ames 27168,NC344,3,23.3,23.9,23,,,,,23.4,46.3,187.2,4.2,15.43333333,297.1428571,,,,,,,,
1555-1556,1555,Ames 27066,B164,3,22.6,19.5,18.6,,,,,20.23333333,41.5,254,4.7,13.83333333,360.2836879,,,,,,,,
4023-4024,4023,check,check,3,23.2,21.7,19.6,,,,,21.5,53.1,605.5,6.3,17.7,640.7407407,,,,,,,,
1577-1578,1577,PI 606768,SD40,4,23.4,22.4,23.7,23.5,,,,23.25,37.7,316.8,4.9,9.425,323.2653061,,,,,,,,
1583-1884,1583,Ames 24989,Va99,4,22.9,23.3,22.2,22.4,,,,22.7,46.8,243.8,4.3,11.7,283.4883721,,,,,,,,
2383-2384,2383,Ames 27179,NC366,3,20.4,19.2,20.2,,,,,19.93333333,26.1,47.2,3.7,8.7,85.04504505,,,,,,,,
2247-2248,2247,PI 587141,A654,3,22.6,27.8,26.4,,,,,25.6,78,291.2,5.6,26,346.6666667,,,,,,,,
4471-4472,4471,Ames 19288,Oh43,4,26.6,23.6,24.3,23.9,,,,24.6,55,287.2,3.9,13.75,368.2051282,,,,,,,,
2235-2236,2235,check,check,3,20.6,20.2,19.5,,,,,20.1,31,320.1,4.7,10.33333333,454.0425532,,,,,,,,
1553-1554,1553,PI 587140,A632,3,23.1,22.5,25.8,,,,,23.8,38.6,197.7,3.8,12.86666667,346.8421053,,,,,,,,
2227-2228,2227,Ames 27164,NC336,3,23.4,22.4,22.1,,,,,22.63333333,35.3,156.2,6.2,11.76666667,167.9569892,,,,,,,,
4013-4014,4013,check,check,3,19.8,22.9,21.9,,,,,21.53333333,52,572.2,5.8,17.33333333,657.7011494,,,,,,,,
4011-4012,4011,PI 587142,A679,3,22.2,22.5,23.2,,,,,22.63333333,46.9,283.2,4.2,15.63333333,449.5238095,,,,,,,,
2211-2212,2211,Ames 27120,Il677a,3,23,27,24.1,,,,,24.7,35,148,4.8,11.66666667,205.5555556,,,,,,,,
1155-1156,1155,Ames 19319,H95,3,24.8,23.4,24.2,,,,,24.13333333,41.4,154.1,3.9,13.8,263.4188034,,,,,,,,
2215-2216,2215,Ames 27124,Ki11,6,30.2,33.8,27.4,30.8,27.6,34,,30.63333333,190.8,,,31.8,,,,,,,,,
2219-2220,2219,PI 583351,Mo46,5,26.4,30.1,26,30.6,28,,,28.22,119.8,,,23.96,,,,,,,,,
3557-3558,3557,Ames 27167,NC342,3,27,25,30,,,,,27.33333333,101.9,,,33.96666667,,,,,,,,,
2123-2124,2123,PI 520774,NC264,5,20.5,20.7,22.5,22.5,22,,,21.64,45.2,,,9.04,,,,,,,,,
2237-2238,2237,PI 587150,Va35,5,19.6,22.7,20,21.8,24,,,21.62,63.3,,,12.66,,,,,,,,,
2305-2306,2305,PI 550467,B37,6,25.7,29.3,29.3,24,23,26.5,,26.3,139,,,23.16666667,,,,,,,,,
2151-2152,2151,PI 587139,A619,3,26.7,24.5,26.4,,,,,25.86666667,55.2,,,18.4,,,,,,,,,
1213-1214,1213,Ames 23450,A556,6,24.2,24.5,25.4,25,25,20.7,,24.13333333,122.9,,,20.48333333,,,,,,,,,
2205-2206,2205,PI 608766,B79,7,26,29,29.5,26.4,25.5,27.3,24.5,23.38571429,102.5,,,14.64285714,,,,,,,,,
2455-2456,2455,Ames 26604,38-11,5,27,22.3,21.6,24.6,21.8,,,23.46,62.9,,,12.58,,,,,,,,,
1423-1424,1423,Ames 28184,CML69,5,25,22,22,24.3,21.3,,,22.92,55.5,,,11.1,,,,,,,,,
2209-2210,2209,Ames 27083,CML154Q,6,29.2,31,29.2,33.5,33.5,30.8,,31.2,239.4,,,39.9,,,,,,,,,
3339-3340,3339,PI 686065,SA24,7,15.8,18.8,18.5,18.2,16.9,16.7,14.8,14.98571429,59,,,8.428571429,,,,,,,,,
2137-2138,2137,NSL 53094,SC357,5,20.8,21.2,18.4,20.8,19.6,,,20.16,75.3,,,15.06,,,,,,,,,
2377-2378,2377,PI 540745,Tzi11,6,21.7,22.2,22.6,20.7,23,20.8,,21.83333333,69.3,,,11.55,,,,,,,,,
1437-1438,1437,Ames 22763,Tx601,5,29,24.4,26.4,27.9,24.6,,,26.46,79.1,,,15.82,,,,,,,,,
1421-1422,1421,Ames 10248,GA209,5,20.9,21,21.5,19.5,21.6,,,20.9,33,,,6.6,,,,,,,,,
2225-2226,2225,Ames 27175,NC358,6,21.9,22.7,22.4,18,19,20.6,,20.76666667,62.1,,,10.35,,,,,,,,,
4341-4342,4341,Ames 27129,KUI2021,6,31.2,29,30.5,26,29.7,26.6,,28.83333333,110.9,,,18.48333333,,,,,,,,,
2165-2166,2165,Ames 20190,CM37,6,22.5,22.3,21.6,22,22.1,21.5,,22,50.9,,,8.483333333,,,,,,,,,
2217-2218,2217,PI 543916,Mp339,6,21.2,23.5,20.7,19.8,24,24,,22.2,60.2,,,10.03333333,,,,,,,,,
2133-2134,2133,Ames 19000,VaW6,2,28.2,22.2,,,,,,25.2,31.6,,,15.8,,,,,,,,,
2157-2158,2157,check,check,6,22.1,22.9,22.6,21.7,23.8,23.4,,22.75,82.2,,,13.7,,,,,,,,,
4317-4318,4317,check,check,5,24.2,20.5,22,21.7,22.7,,,22.22,91.5,,,18.3,,,,,,,,,
1441-1442,1441,PI 550522,T232,6,24.4,21,21.3,22.2,22.5,22,,22.23333333,81,,,13.5,,,,,,,,,
2181-2182,2181,PI 587145,NC268,5,19,19.1,21.5,19.9,19.7,,,19.84,60.2,,,12.04,,,,,,,,,
2221-2222,2221,Ames 27260,Ki44,3,16.3,18,22.7,,,,,19,11.6,,,3.866666667,,,,,,,,,
1401-1402,1401,Ames 27094,CML314,7,24.5,22.2,22.9,23,22,26,21,20.08571429,89.7,,,12.81428571,,,,,,,,,
3523-3524,3523,Ames 27174,NC356,2,21.5,20.8,,,,,,21.15,10.9,,,5.45,,,,,,,,,
2183-2184,2183,PI 550566,N192,2,24,25.7,,,,,,24.85,43.7,,,21.85,,,,,,,,,
1113-1114,1113,Ames 27067,C49A,6,25.4,25.6,29.1,27,27,26.3,,26.73333333,96.4,,,16.06666667,,,,,,,,,
2149-2150,2149,PI 607521,A661,5,19.8,19.5,20.5,23.4,26,,,21.84,86.7,,,17.34,,,,,,,,,
4139-4140,4139,Ames 28290,C49,4,27,24.7,26.1,22.8,,,,25.15,34,,,8.5,,,,,,,,,
2453-2454,2453,PI 595542,CML254,6,17.2,16.6,16,18.5,15.7,17.4,,16.9,27.1,,,4.516666667,,,,,,,,,
1431-1432,1431,PI 257506,F2,4,22,18,20.7,19.2,,,,19.975,25,,,6.25,,,,,,,,,
1433-1434,1433,Ames 27119,Il101T,6,19.4,19.7,18.9,21,21.3,19.5,,19.96666667,47,,,7.833333333,,,,,,,,,
1257-1258,1257,PI 543916,Mp339,2,17,23.3,,,,,,20.15,16.9,,,8.45,,,,,,,,,
1543-1544,1543,Ames 27065,B73Htrhm,6,26.4,27.4,30,26,27.3,23.5,,26.76666667,102.4,,,17.06666667,,,,,,,,,
1515-1516,1515,PI 587144,Mo24W,5,30,30.7,32.5,31,32,,,31.24,165,,,33,,,,,,,,,
3033-3034,3033,PI 506253,Tzi18,6,29.9,20.1,26.3,26.1,25.3,23.3,,25.16666667,118.3,,,19.71666667,,,,,,,,,
1015-1016,1015,Ames 27111,EP1,6,17.3,24,21.5,21.5,20,22.4,,21.11666667,38.7,,,6.45,,,,,,,,,
1505-1506,1505,PI 550465,B68,6,25.7,24.3,23,24.4,21.7,23,,23.68333333,131.5,,,21.91666667,,,,,,,,,
1031-1032,1031,PI 550566,N192,4,22.5,24.5,22.5,22.4,,,,22.975,52.7,,,13.175,,,,,,,,,
3065-3066,3065,PI 587129,H99,6,21,16,19,21,18.8,19.3,,19.18333333,58,,,9.666666667,,,,,,,,,
1513-1514,1513,PI 595561,CML52,6,26.2,21.7,18.7,20.4,24.2,19.3,,21.75,70,,,11.66666667,,,,,,,,,
1509-1510,1509,Ames 27101,CML333,5,24.4,23.6,23.3,24.6,26.2,,,24.42,92,,,18.4,,,,,,,,,
1023-1024,1023,Ames 27105,CO106,3,24,24,22,,,,,23.33333333,48.8,,,16.26666667,,,,,,,,,
1079-1080,1079,check,check,6,20.9,22.4,20,22,21.5,20.9,,21.28333333,88.5,,,14.75,,,,,,,,,
1533-1534,1533,PI 540745,Tzi11,4,20.2,20.6,20.1,18.2,,,,19.775,36.7,,,9.175,,,,,,,,,
4535-4536,4535,Ames 27119,Il101T,6,21,19,20.9,19.3,20,18,,19.7,41.6,,,6.933333333,,,,,,,,,
1539-1540,1539,Ames 22748,H100,6,26.3,28.2,23.1,24.7,24.3,26.2,,25.46666667,101.9,,,16.98333333,,,,,,,,,
1157-1158,1157,Ames 12731,NC230,6,21.5,24.3,24.7,23.6,22.2,21.9,,23.03333333,60.1,,,10.01666667,,,,,,,,,
3063-3064,3063,check,check,6,20.5,22.3,22.8,22,20.5,22,,21.68333333,67.2,,,11.2,,,,,,,,,
3051-3052,3051,Ames 19311,A641,5,25.4,23.6,22,19.4,22.3,,,22.54,64.3,,,12.86,,,,,,,,,
3039-3040,3039,Ames 26808,Ill.Hy,4,26.7,28.7,28.6,26.7,,,,27.675,73,,,18.25,,,,,,,,,
1173-1174,1173,Ames 19323,Oh7B,4,16.8,17,21.7,22.1,,,,19.4,50,,,12.5,,,,,,,,,
3049-3050,3049,check,check,6,21.3,22.2,23.8,22.7,22.1,22.9,,22.5,91.5,,,15.25,,,,,,,,,
1545-1546,1545,Ames 27069,CH701-30,5,17.5,19.5,19,21,17,,,18.8,54.4,,,10.88,,,,,,,,,
3067-3068,3067,PI 587127,H105W,6,23.6,22.6,26.5,28.7,28.7,20.3,,25.06666667,61.2,,,10.2,,,,,,,,,
1045-1046,1045,PI 606329,DE1,3,23.1,24.5,24.7,,,,,24.1,20.3,,,6.766666667,,,,,,,,,
3073-3074,3073,Ames 27162,NC332,6,25.9,28.3,28,30,28.7,26.7,,27.93333333,143.4,,,23.9,,,,,,,,,
3083-3084,3083,PI 524969,SD44,6,24.7,25.2,22,23.9,22.7,22.9,,23.56666667,51,,,8.5,,,,,,,,,
4213-4214,4213,PI 587140,A632,6,22.7,23.4,24.6,24.3,22.5,23.6,,23.51666667,81.4,,,13.56666667,,,,,,,,,
3053-3054,3053,Ames 23450,A556,6,25.2,25.5,22.9,21.6,23.8,21.5,,23.41666667,93.6,,,15.6,,,,,,,,,
1519-1520,1519,Ames 12729,NC222,6,24,23.4,24.4,24.8,21,20.4,,23,64.7,,,10.78333333,,,,,,,,,
3081-3082,3081,Ames 19016,Va59,6,23.6,23.2,22,22.8,23.5,20.7,,22.63333333,67.8,,,11.3,,,,,,,,,
2549-2550,2549,PI 406112,A214N,6,20.4,20,19,18.6,17.2,20.3,,19.25,68.7,,,11.45,,,,,,,,,
2505-2506,2505,PI 608767,B84,5,22.4,23.5,24,24.2,20.7,,,22.96,58.8,,,11.76,,,,,,,,,
4231-4232,4231,CIze 44,CI44,6,21.6,22,22.5,21.8,22.3,21.8,,22,62.5,,,10.41666667,,,,,,,,,
2501-2502,2501,Ames 19314,CI64,6,26.7,23,25.6,27.5,27.6,25.5,,25.98333333,88.1,,,14.68333333,,,,,,,,,
2559-2560,2559,NSL 22893,F44,5,18.6,17.8,18.8,18.8,18.2,,,18.44,21.4,,,4.28,,,,,,,,,
4577-4578,4577,Ames 27142,NC292,7,30.5,28.8,27.6,29,27.3,26.3,23.3,24.21428571,117,,,16.71428571,,,,,,,,,
2079-2080,2079,PI 524969,SD44,5,22.5,22.6,20.9,19,23,,,21.6,54.1,,,10.82,,,,,,,,,
3001-3002,3001,PI 406112,A214N,5,19.8,18.3,20.5,18.8,17.2,,,18.92,56.9,,,11.38,,,,,,,,,
2553-2554,2553,Ames 27095,CML321,6,24.3,28,25.3,27,26.2,23.4,,25.7,107.5,,,17.91666667,,,,,,,,,
2539-2540,2539,PI 587125,CO109,7,18.8,17,18.8,18.2,19,20,20.6,15.97142857,46.3,,,6.614285714,,,,,,,,,
4361-4362,4361,Ames 27106,CO125,7,21.4,19.2,23.8,21.2,23.5,19.3,20.3,18.34285714,81.5,,,11.64285714,,,,,,,,,
3043-3044,3043,Ames 22443,A188,6,17,21.5,20.5,21.2,19.5,21,,20.11666667,49.1,,,8.183333333,,,,,,,,,
2033-2034,2033,Ames 27182,NC372,6,25.4,25.3,27.8,27,28.8,28.5,,27.13333333,106,,,17.66666667,,,,,,,,,
4321-4322,4321,PI 587144,Mo24W,5,32.6,33,32,31,27.7,,,31.26,162.3,,,32.46,,,,,,,,,
2583-2584,2583,PI 587147,Pa91,5,19.6,19,21.3,21.5,21.4,,,20.56,61.1,,,12.22,,,,,,,,,
4337-4338,4337,Ames 22748,H100,6,22.6,25,25.5,24.5,20.4,26.8,,24.13333333,74.5,,,12.41666667,,,,,,,,,
2251-2252,2251,PI 550483,B76,6,22.8,25,22,27.6,24,24.7,,24.35,51.1,,,8.516666667,,,,,,,,,
2401-2402,2401,Ames 27114,H91,2,27,24.8,,,,,,25.9,51.3,,,25.65,,,,,,,,,
2503-2504,2503,Ames 27065,B73Htrhm,4,28.4,28.4,27.5,30.3,,,,28.65,85.9,,,21.475,,,,,,,,,
4247-4248,4247,Ames 22440,CI90C,4,20.3,21.4,19,18.2,,,,19.725,27.8,,,6.95,,,,,,,,,
2545-2546,2545,Ames 27096,CML322,6,23.6,25.3,22.8,22.8,26.4,22.7,,23.93333333,73.9,,,12.31666667,,,,,,,,,
1461-1462,1461,Ames 28939,Mo44,6,24.9,23,22,22.4,24.9,27,,24.03333333,108.7,,,18.11666667,,,,,,,,,
2547-2548,2547,PI 550465,B68,6,21.6,19.4,22,25.6,22.4,21.5,,22.08333333,68.5,,,11.41666667,,,,,,,,,
2269-2270,2269,PI 587127,H105W,4,30,30,29.5,29,,,,29.625,79.3,,,19.825,,,,,,,,,
2579-2580,2579,Ames 27129,KUI2021,6,25.5,22,26,27,25.6,27.7,,25.63333333,80.9,,,13.48333333,,,,,,,,,
2523-2524,2523,Ames 27167,NC342,5,24.3,22.5,19,19.2,21.6,,,21.32,56.4,,,11.28,,,,,,,,,
2563-2564,2563,Ames 27133,M37W,6,25.9,25,24.4,22.7,24.6,24.8,,24.56666667,86.2,,,14.36666667,,,,,,,,,
4519-4520,4519,Ames 27121,K64,5,27.4,25.4,25.7,25.5,24.2,,,25.64,74,,,14.8,,,,,,,,,
2435-2436,2435,Ames 31535,38-11Goodman-Buckler,6,25.8,25.6,23,25.6,21.6,22,,23.93333333,74.7,,,12.45,,,,,,,,,
1059-1060,1059,Ames 27260,Ki44,5,17.4,19.4,18.6,18.4,19.3,,,18.62,16.8,,,3.36,,,,,,,,,
1445-1446,1445,Ames 26769,B2,2,26.3,24,,,,,,25.15,40.5,,,20.25,,,,,,,,,
4363-4364,4363,PI 587127,H105W,3,33,27.8,33.6,,,,,31.46666667,55.8,,,18.6,,,,,,,,,
4215-4216,4215,PI 517974,Pa880,6,27,27.5,26,28,26.7,23.6,,26.46666667,136,,,22.66666667,,,,,,,,,
2581-2582,2581,Ames 27119,Il101T,6,19.2,18.5,18.7,18,18.9,17.9,,18.53333333,33.8,,,5.633333333,,,,,,,,,
4235-4236,4235,PI 587132,Sg1533,6,17.2,19.7,17.5,20.5,20.1,20.4,,19.23333333,45.6,,,7.6,,,,,,,,,
4211-4212,4211,Ames 26769,B2,3,16.9,22,22.7,,,,,20.53333333,45,,,15,,,,,,,,,
3011-3012,3011,Ames 26604,38-11,4,21.8,21.7,20.3,20.2,,,,21,31.5,,,7.875,,,,,,,,,
2575-2576,2575,PI 558520,Mo1W,2,22.2,21.9,,,,,,22.05,5.9,,,2.95,,,,,,,,,
4277-4278,4277,Ames 27185,Pa875,6,21.9,23.3,25.8,21.8,23.7,23.4,,23.31666667,65.5,,,10.91666667,,,,,,,,,
4209-4210,4209,Ames 27066,B164,6,22.8,23.1,22.8,23.8,22.2,22.4,,22.85,81,,,13.5,,,,,,,,,
1061-1062,1061,Ames 27141,NC290A,5,27.7,28.4,25.9,24.9,27.9,,,26.96,72.3,,,14.46,,,,,,,,,
3181-3182,3181,Ames 27142,NC292,6,29.9,29.3,28.6,30.6,29.1,29.6,,29.51666667,130.9,,,21.81666667,,,,,,,,,
3167-3168,3167,Ames 27107,CO255,7,22.9,23.4,21.6,21.5,23.4,23.8,21.6,19.51428571,63.1,,,9.014285714,,,,,,,,,
3031-3032,3031,PI 558520,Mo1W,3,27,22.6,28.8,,,,,26.13333333,38.2,,,12.73333333,,,,,,,,,
4381-4382,4381,Ames 27162,NC332,6,30,29.7,20,21.7,28.7,27.7,,26.3,105.5,,,17.58333333,,,,,,,,,
4281-4282,4281,NSL 30053,W22,6,24.8,24.4,24,25,27,21.3,,24.41666667,88.8,,,14.8,,,,,,,,,
1177-1178,1177,Ames 8399,W117HT,5,23.7,18.9,23.4,20,21.4,,,21.48,31.1,,,6.22,,,,,,,,,
4383-4384,4383,PI 587154,W153R,5,21,20.1,22.6,22.2,25.9,,,22.36,51.9,,,10.38,,,,,,,,,
1183-1184,1183,Ames 27185,Pa875,7,22.8,20.9,21.3,19.5,25.4,22.7,20.3,18.94285714,53.2,,,7.6,,,,,,,,,
1149-1150,1149,Ames 27120,Il677a,6,24,26,23.5,22.5,25.8,24.2,,24.33333333,67.3,,,11.21666667,,,,,,,,,
1147-1148,1147,PI 587131,HP301,5,22.6,19.1,21.8,21.7,20.6,,,21.16,52.5,,,10.5,,,,,,,,,
4479-4480,4479,PI 587145,NC268,6,22.5,20.3,21,21.8,20.8,21.4,,21.3,74.7,,,12.45,,,,,,,,,
4467-4468,4467,Ames 27105,CO106,3,25.8,24.4,25.4,,,,,25.2,49.1,,,16.36666667,,,,,,,,,
3157-3158,3157,Ames 27106,CO125,6,23.2,21.6,20.1,21,20.4,24.2,,21.75,52.8,,,8.8,,,,,,,,,
3161-3162,3161,Ames 20190,CM37,6,24.5,23.4,21.7,23.1,23.3,18.9,,22.48333333,44.3,,,7.383333333,,,,,,,,,
1181-1182,1181,Ames 27183,Oh43E,7,23,23.4,21.6,21.2,21.1,22.3,22.4,18.94285714,63.5,,,9.071428571,,,,,,,,,
4449-4450,4449,Ames 27067,C49A,6,24.5,25.4,29,28,25.6,20.5,,25.5,49.2,,,8.2,,,,,,,,,
1159-1160,1159,Ames 12734,NC236,6,19.9,21.2,21.4,21.2,20.3,21.7,,20.95,68.2,,,11.36666667,,,,,,,,,
4483-4484,4483,Ames 19016,Va59,5,18.9,24.2,22,24.5,18.7,,,21.66,67.2,,,13.44,,,,,,,,,
3165-3166,3165,Ames 27111,EP1,6,22.6,20.5,19.6,19.3,22.8,20.5,,20.88333333,42,,,7,,,,,,,,,
1167-1168,1167,Ames 27158,NC324,6,23.9,21.9,22.8,23.2,22.8,24.6,,23.2,72.9,,,12.15,,,,,,,,,
1141-1142,1141,Ames 19326,R168,6,19.6,17.9,18.2,20,17.2,22.8,,19.28333333,30.7,,,5.116666667,,,,,,,,,
3113-3114,3113,check,check,6,21.8,22.8,19.9,23.7,21.6,21.8,,21.93333333,83.4,,,13.9,,,,,,,,,
3349-3350,3349,PI 550469,B46,7,24.2,24.2,23.7,25.3,26.7,24.5,22.6,21.22857143,162.1,,,23.15714286,,,,,,,,,
3565-3566,3565,Ames 27151,NC310,4,22,26.5,27.5,28.5,,,,26.125,54.4,,,13.6,,,,,,,,,
3329-3330,3329,Ames 27183,Oh43E,3,21.3,23,22.4,,,,,22.23333333,24.7,,,8.233333333,,,,,,,,,
4161-4162,4161,Ames 12732,NC232,6,31.6,33.3,33.5,30,34.8,30.7,,32.31666667,136.7,,,22.78333333,,,,,,,,,
3571-3572,3571,Ames 19293,Wf9,5,24.4,24.9,26.3,25,27.3,,,25.58,101.6,,,20.32,,,,,,,,,
2171-2172,2171,PI 531085,NC262,6,28,27.4,25.2,26.1,27.7,29.8,,27.36666667,84.5,,,14.08333333,,,,,,,,,
3305-3306,3305,Ames 26138,CI187-2,6,22.1,21.1,22.6,21.7,21,19.9,,21.4,39.4,,,6.566666667,,,,,,,,,
3109-3110,3109,check,check,6,22.7,21.5,20.5,23.3,23.6,23.2,,22.46666667,64.3,,,10.71666667,,,,,,,,,
3335-3336,3335,PI 587150,Va35,6,23.2,20,24,21,21.6,22.5,,22.05,66.8,,,11.13333333,,,,,,,,,
4159-4160,4159,Ames 27137,N6,6,27.6,27.1,26.7,28,27.7,28.3,,27.56666667,97.1,,,16.18333333,,,,,,,,,
4165-4166,4165,Ames 27174,NC356,5,19.4,21.8,21.6,21.2,22.5,,,21.3,26.8,,,5.36,,,,,,,,,
2159-2160,2159,Ames 20140,Mt42,7,22.8,18.7,20,20.3,20,19.7,20.5,17.35714286,54.5,,,7.785714286,,,,,,,,,
3323-3324,3323,PI 583351,Mo46,5,25.6,27.1,27.2,27.6,23,,,26.1,85.6,,,17.12,,,,,,,,,
4177-4178,4177,PI 686065,SA24,5,19,17.5,18.5,20.5,18.2,,,18.74,59.2,,,11.84,,,,,,,,,
3371-3372,3371,PI 587132,Sg1533,6,22,19.5,22.6,19,19.5,18.7,,20.21666667,53.8,,,8.966666667,,,,,,,,,
3331-3332,3331,Ames 19323,Oh7B,3,21.6,22.2,21.2,,,,,21.66666667,43.8,,,14.6,,,,,,,,,
3103-3104,3103,check,check,6,25.5,24,23.3,22,21.6,21.3,,22.95,88,,,14.66666667,,,,,,,,,
3453-3454,3453,PI 686059,IDS28,5,20.7,20,21,22.3,22,,,21.2,41.1,,,8.22,,,,,,,,,
4181-4182,4181,Ames 27194,W401,5,21.8,21,22,21.5,21.5,,,21.56,52.9,,,10.58,,,,,,,,,
2175-2176,2175,Ames 27161,NC330,3,26.5,27.2,27,,,,,26.9,71.8,,,23.93333333,,,,,,,,,
4169-4170,4169,Ames 27164,NC336,4,24.5,23.7,21.2,22.7,,,,23.025,41.4,,,10.35,,,,,,,,,
2177-2178,2177,PI 587137,Ms71,6,25.8,22.3,26.1,25.9,22.3,21.9,,24.05,112.5,,,18.75,,,,,,,,,
3301-3302,3301,Ames 19309,A635,7,19.6,21.2,19.5,16.9,17.8,17.9,19.6,16.12857143,35.4,,,5.057142857,,,,,,,,,
2169-2170,2169,PI 587135,Ia5125,5,24.6,24.5,21.5,20.2,21.9,,,22.54,20.8,,,4.16,,,,,,,,,
3355-3356,3355,Ames 27065,B73Htrhm,5,24.8,26,28,27,26.5,,,26.46,71.8,,,14.36,,,,,,,,,
4163-4164,4163,Ames 27260,Ki44,5,23.7,18.7,17.6,17.5,19.8,,,19.46,30.2,,,6.04,,,,,,,,,
2161-2162,2161,PI 587129,H99,6,18.9,22,23,17.7,19.2,19.3,,20.01666667,58.3,,,9.716666667,,,,,,,,,
4205-4206,4205,PI 608767,B84,6,23.8,25,27.3,25.7,20.5,25,,24.55,108.2,,,18.03333333,,,,,,,,,
3351-3352,3351,PI 608767,B84,2,23.2,26.7,,,,,,24.95,32.7,,,16.35,,,,,,,,,
3507-3508,3507,Ames 22440,CI90C,3,24,24.5,20.6,,,,,23.03333333,36.1,,,12.03333333,,,,,,,,,
3309-3310,3309,PI 608766,B79,7,22.5,25.7,27,27.3,23,26,28,21.64285714,94,,,13.42857143,,,,,,,,,
4529-4530,4529,PI 506246,Tzi8,6,19,19,20.2,19,23.5,20.2,,20.15,55.6,,,9.266666667,,,,,,,,,
2053-2054,2053,Ames 19311,A641,5,24.5,22,23.5,23,21.4,,,22.88,77.9,,,15.58,,,,,,,,,
2325-2326,2325,NSL 28966,Oh40B,6,21,18.9,21.7,23.8,20.7,21.2,,21.21666667,82.9,,,13.81666667,,,,,,,,,
2065-2066,2065,Ames 24734,MS153,6,27.3,28.8,25.5,24.1,25.3,25.7,,26.11666667,66.4,,,11.06666667,,,,,,,,,
2077-2078,2077,Ames 27154,NC316,1,17.8,,,,,,,17.8,1.7,,,1.7,,,,,,,,,
1269-1270,1269,PI 550555,NC250,6,23.4,23.7,24,24.2,25.4,23.2,,23.98333333,102.2,,,17.03333333,,,,,,,,,
1281-1282,1281,NSL 53094,SC357,5,21,22,22,22.5,20.8,,,21.66,95,,,19,,,,,,,,,
4053-4054,4053,Ames 19309,A635,6,21,20.8,20.2,22,20.4,17.3,,20.28333333,71.6,,,11.93333333,,,,,,,,,
2055-2056,2055,Ames 19316,CM174,6,26.8,25.5,26.2,26.4,24.6,23.9,,25.56666667,95.2,,,15.86666667,,,,,,,,,
4073-4074,4073,Ames 8399,W117HT,4,22.5,22.1,21.7,21.6,,,,21.975,15.9,,,3.975,,,,,,,,,
2051-2052,2051,Ames 27067,C49A,3,24.5,26.5,26.7,,,,,25.9,31.2,,,10.4,,,,,,,,,
2081-2082,2081,Ames 19016,Va59,1,22.3,,,,,,,22.3,8.9,,,8.9,,,,,,,,,
2339-2340,2339,PI 587149,Va26,6,26.1,24.9,24.1,25.2,23.7,26.7,,25.11666667,77.6,,,12.93333333,,,,,,,,,
4531-4532,4531,PI 540745,Tzi11,4,20.7,18.8,20.7,20.4,,,,20.15,33.5,,,8.375,,,,,,,,,
2311-2312,2311,check,check,5,21.8,21.3,20.8,22.5,21.5,,,21.58,50.6,,,10.12,,,,,,,,,
4559-4560,4559,Ames 27070,CM7,5,19.1,18.1,20.1,19.5,17.7,,,18.9,25.3,,,5.06,,,,,,,,,
2083-2084,2083,Ames 28186,P39,4,20.5,20.8,24.5,21.7,,,,21.875,28.6,,,7.15,,,,,,,,,
2061-2062,2061,Ames 27106,CO125,6,21,19,21.7,20.5,19,23.2,,20.73333333,87.9,,,14.65,,,,,,,,,
1253-1254,1253,PI 550472,B57,6,26.9,26,27,27.5,27.5,27.2,,27.01666667,153.4,,,25.56666667,,,,,,,,,
1233-1234,1233,Ames 28186,P39,4,18.7,16.6,18,16.5,,,,17.45,14.6,,,3.65,,,,,,,,,
4565-4566,4565,Ames 27111,EP1,6,21.3,22.7,21.9,19.4,18.3,22.1,,20.95,45.8,,,7.633333333,,,,,,,,,
1117-1118,1117,Ames 20190,CM37,6,24.4,21.5,25.1,23.5,23.8,18.8,,22.85,61.3,,,10.21666667,,,,,,,,,
3005-3006,3005,Ames 27081,CML103,6,24.8,24.3,22.6,22.8,22.6,24.7,,23.63333333,84.6,,,14.1,,,,,,,,,
3267-3268,3267,Ames 28364,IA2132,6,23.2,27.3,23.6,24.1,24.8,24.4,,24.56666667,106.4,,,17.73333333,,,,,,,,,
1227-1228,1227,Ames 27106,CO125,6,21.6,24.3,21.2,22,19.6,19.8,,21.41666667,52.4,,,8.733333333,,,,,,,,,
3017-3018,3017,Ames 27156,NC320,6,17.9,19.6,20.6,20.5,20.2,20.4,,19.86666667,36.5,,,6.083333333,,,,,,,,,
2319-2320,2319,Ames 27151,NC310,6,26.6,29.5,28.7,26.3,27.5,26,,27.43333333,112.1,,,18.68333333,,,,,,,,,
2347-2348,2347,Ames 27082,CML108,6,22,23,26.8,26.6,29.2,23.3,,25.15,78,,,13,,,,,,,,,
4051-4052,4051,Ames 27112,F2834T,6,19.5,18.1,21.2,18.6,20.2,19.2,,19.46666667,57.2,,,9.533333333,,,,,,,,,
4257-4258,4257,Ames 28366,N7A,5,23.9,22.3,23.3,23.9,24.6,,,23.6,76.6,,,15.32,,,,,,,,,
2021-2022,2021,Ames 12731,NC230,6,20.9,22.9,20.8,23.8,23.5,24.9,,22.8,62.4,,,10.4,,,,,,,,,
4271-4272,4271,NSL 53094,SC357,6,21.7,20.5,22,22,19.5,18,,20.61666667,91.5,,,15.25,,,,,,,,,
2307-2308,2307,check,check,5,20,23.5,23.4,20.1,21,,,21.6,50.7,,,10.14,,,,,,,,,
2313-2314,2313,PI 550461,B14A,5,18.4,25,24.4,25,23.8,,,23.32,83.5,,,16.7,,,,,,,,,
4525-4526,4525,PI 550558,DE811,3,19.4,25.6,25.2,,,,,23.4,26.5,,,8.833333333,,,,,,,,,
2349-2350,2349,Ames 27091,CML261,2,17.9,17,,,,,,17.45,2.8,,,1.4,,,,,,,,,
4057-4058,4057,Ames 27138,N28Ht,5,24.5,22.8,25.7,21.5,25.2,,,23.94,69.7,,,13.94,,,,,,,,,
2315-2316,2315,Ames 27140,NC260,3,25.8,27,24,,,,,25.6,48.6,,,16.2,,,,,,,,,
2341-2342,2341,Ames 26771,33-16,6,25.5,21.3,25.8,21.8,19.7,19,,22.18333333,71.7,,,11.95,,,,,,,,,
4037-4038,4037,PI 550518,T8,6,19.7,17.9,19.2,18.3,17.8,17.5,,18.4,56.6,,,9.433333333,,,,,,,,,
2309-2310,2309,Ames 27066,B164,6,19.4,19.4,18.5,19,20,21,,19.55,47,,,7.833333333,,,,,,,,,
4067-4068,4067,PI 583351,Mo46,6,23.9,29.5,25.6,26.3,25,26.5,,26.13333333,85.2,,,14.2,,,,,,,,,
2267-2268,2267,Ames 27107,CO255,6,19.4,21.8,22.4,22.2,22.1,24.7,,22.1,54.3,,,9.05,,,,,,,,,
4515-4516,4515,Ames 27144,NC296,6,18.5,20.9,21.8,22.3,19.8,20.6,,20.65,37.1,,,6.183333333,,,,,,,,,
2283-2284,2283,Ames 19330,W182B,4,19.5,21.2,22.4,23.5,,,,21.65,50.7,,,12.675,,,,,,,,,
4079-4080,4079,Ames 19000,VaW6,3,21.7,22.4,24.1,,,,,22.73333333,49,,,16.33333333,,,,,,,,,
4039-4040,4039,Ames 26771,33-16,6,27.9,24.4,24,23,27,22.3,,24.76666667,85.9,,,14.31666667,,,,,,,,,
1383-1384,1383,PI 550518,T8,6,20.7,19.3,22.1,19.4,21.8,19,,20.38333333,87.8,,,14.63333333,,,,,,,,,
3455-3456,3455,Ames 23503,A680,5,24.6,25,28.2,26.2,26.3,,,26.06,92.5,,,18.5,,,,,,,,,
3443-3444,3443,PI 587140,A632,2,21,22.3,,,,,,21.65,18.5,,,9.25,,,,,,,,,
4129-4130,4129,Ames 27187,R4,6,22.9,21.2,22.8,24,25.4,22.9,,23.2,81.8,,,13.63333333,,,,,,,,,
1047-1048,1047,check,check,6,24.2,23.8,22,22,22,20.6,,22.43333333,130.9,,,21.81666667,,,,,,,,,
4121-4122,4121,NSL 65873,L317,7,24.7,22.6,24.2,22,21.6,23.3,21.2,19.77142857,130.2,,,18.6,,,,,,,,,
1037-1038,1037,PI 524969,SD44,6,17,22.8,19.8,22.5,20.5,21.6,,20.7,53.5,,,8.916666667,,,,,,,,,
1347-1348,1347,Ames 27114,H91,6,23.4,21.9,22.3,24.3,24,22.8,,23.11666667,126.6,,,21.1,,,,,,,,,
3075-3076,3075,PI 587154,W153R,6,18.7,18.8,20.2,18.3,20,21.6,,19.6,34.8,,,5.8,,,,,,,,,
3447-3448,3447,Ames 27069,CH701-30,4,19,20.5,17,17.5,,,,18.5,19.3,,,4.825,,,,,,,,,
3353-3354,3353,PI 597927,B109,7,27.1,27,27.3,26.2,26.7,27,26.6,23.04285714,138.5,,,19.78571429,,,,,,,,,
3357-3358,3357,NSL 30894,R177,6,24.5,22,22,21.8,21.3,22.2,,22.3,111.3,,,18.55,,,,,,,,,
4119-4120,4119,Ames 27118,Il14H,6,20.7,23.8,21.8,22.4,22.5,21,,22.03333333,43.8,,,7.3,,,,,,,,,
2333-2334,2333,Ames 28290,C49,6,27.1,21.4,23.6,25.6,25.3,21.4,,24.06666667,59.7,,,9.95,,,,,,,,,
3353-3354,3353,PI 597927,B109,7,27.7,27.6,27,27.2,26.4,25.2,27.1,23.01428571,138.3,,,19.75714286,,,,,,,,,
3373-3374,3373,Ames 28290,C49,4,23,21.1,19,21.3,,,,21.1,11.6,,,2.9,,,,,,,,,
3535-3536,3535,Ames 27194,W401,6,20.4,20.6,21,21.3,20.7,22.6,,21.1,92.9,,,15.48333333,,,,,,,,,
3503-3504,3503,PI 606329,DE1,2,25.6,30,,,,,,27.8,29.5,,,14.75,,,,,,,,,
3477-3478,3477,CIze 44,CI44,6,26,23.8,27.6,23,25.9,20.5,,24.46666667,108,,,18,,,,,,,,,
3415-3416,3415,Ames 27172,NC352,6,23,21.5,20.5,26.4,25.3,22,,23.11666667,57.9,,,9.65,,,,,,,,,
3429-3430,3429,Ames 19000,VaW6,6,20.7,24.4,22.5,21,22.3,22.3,,22.2,91.3,,,15.21666667,,,,,,,,,
1381-1382,1381,Ames 28290,C49,5,24.5,24.9,24.2,24,24.5,,,24.42,48.3,,,9.66,,,,,,,,,
3447-3448,3447,Ames 27069,CH701-30,4,17,16.5,18.9,17.8,,,,17.55,19.2,,,4.8,,,,,,,,,
1377-1378,1377,PI 587125,CO109,7,15.6,21.3,18.5,20.8,19.6,19.9,21.1,16.52857143,56.2,,,8.028571429,,,,,,,,,
1349-1350,1349,PI 550461,B14A,5,22.9,21.5,25,25.3,26.7,,,24.28,89,,,17.8,,,,,,,,,
4107-4108,4107,PI 686059,IDS28,4,21,18,19.6,18.3,,,,19.225,14.9,,,3.725,,,,,,,,,
3517-3518,3517,Ames 27260,Ki44,2,14.5,13.7,,,,,,14.1,1.7,,,0.85,,,,,,,,,
2233-2234,2233,Ames 8399,W117HT,7,22.4,19.7,22.4,20,20,20.5,21.2,17.85714286,30,,,4.285714286,,,,,,,,,
1551-1552,1551,PI 608767,B84,5,24.1,23.5,25.2,24,24.5,,,24.26,58.6,,,11.72,,,,,,,,,
2355-2356,2355,Ames 27101,CML333,3,23,24.4,23.2,,,,,23.53333333,46.2,,,15.4,,,,,,,,,
2363-2364,2363,PI 550558,DE811,2,19.7,14.5,,,,,,17.1,11.5,,,5.75,,,,,,,,,
2201-2202,2201,Ames 22440,CI90C,2,23.6,17.8,,,,,,20.7,20.4,,,10.2,,,,,,,,,
1565-1566,1565,Ames 27159,NC326,6,30.5,28.6,28,27.8,26.4,29,,28.38333333,155,,,25.83333333,,,,,,,,,
3259-3260,3259,PI 257507,F7,6,19.5,19.7,19.3,24.1,21.5,20.8,,20.81666667,52,,,8.666666667,,,,,,,,,
2241-2242,2241,Ames 27184,Pa762,4,26.4,24.1,26,26.4,,,,25.725,49.4,,,12.35,,,,,,,,,
1119-1120,1119,PI 587135,Ia5125,3,20,19.2,21.6,,,,,20.26666667,15.6,,,5.2,,,,,,,,,
1111-1112,1111,PI 587139,A619,3,26.3,23.9,29.3,,,,,26.5,26.8,,,8.933333333,,,,,,,,,
2239-2240,2239,Ames 19323,Oh7B,4,20.8,21,23.2,20.8,,,,21.45,50.9,,,12.725,,,,,,,,,
2243-2244,2243,PI 550440,B64,7,23.7,22.9,23,22,23,21.8,21.7,19.48571429,112.6,,,16.08571429,,,,,,,,,
1127-1128,1127,Ames 27070,CM7,5,21.2,21,21.4,21.7,18.4,,,20.74,37.2,,,7.44,,,,,,,,,
1219-1220,1219,PI 587127,H105W,6,26.1,30.1,23.5,31.1,32.4,29.4,,28.76666667,118.8,,,19.8,,,,,,,,,
1559-1560,1559,NSL 65874,Os420,5,26.7,25.6,26.7,28,30.4,,,27.48,100.6,,,20.12,,,,,,,,,
1567-1568,1567,Ames 27118,Il14H,7,20,20.7,23.3,21.9,21.9,24.5,21.9,18.9,52.2,,,7.457142857,,,,,,,,,
1123-1124,1123,PI 686063,IDS91,6,20.2,21.5,19.6,21.5,21,17,,20.13333333,59.5,,,9.916666667,,,,,,,,,
3021-3022,3021,NSL 22893,F44,5,15,16.8,18.7,19.4,16.3,,,17.24,23.8,,,4.76,,,,,,,,,
1411-1412,1411,Ames 27091,CML261,4,22,17.6,19.2,15.5,,,,18.575,23.4,,,5.85,,,,,,,,,
1229-1230,1229,Ames 27161,NC330,6,26.4,22.7,27.4,24.2,26.9,24,,25.26666667,136.4,,,22.73333333,,,,,,,,,
1247-1248,1247,Ames 22440,CI90C,2,24,22.8,,,,,,23.4,32.6,,,16.3,,,,,,,,,
3253-3254,3253,PI 550440,B64,6,20.3,22.5,20.8,22.7,21.7,21.9,,21.65,101.4,,,16.9,,,,,,,,,
3261-3262,3261,Ames 27105,CO106,1,21.2,,,,,,,21.2,9.7,,,9.7,,,,,,,,,
3015-3016,3015,check,check,6,20.9,23.1,22.1,22.2,22.4,22,,22.11666667,62.6,,,10.43333333,,,,,,,,,
4575-4576,4575,Ames 27152,NC312,6,23.4,21,21.9,23,20.5,24.6,,22.4,101.5,,,16.91666667,,,,,,,,,
1241-1242,1241,PI 550490,ND246,6,18.6,18,19,20.6,21.8,20.4,,19.73333333,60,,,10,,,,,,,,,
1239-1240,1239,PI 587145,NC268,6,20.4,18.7,21,22.4,20.4,18.8,,20.28333333,66.3,,,11.05,,,,,,,,,
4003-4004,4003,PI 550461,B14A,6,24.3,22.7,25,26.6,26,26.3,,25.15,144.4,,,24.06666667,,,,,,,,,
4563-4564,4563,Ames 20140,Mt42,6,18.3,22.5,23.8,23.4,20.4,23.2,,21.93333333,61.8,,,10.3,,,,,,,,,
4009-4010,4009,PI 550473,B73,7,27.2,27.6,27.1,25.3,28.4,25.5,25.6,23.01428571,132.5,,,18.92857143,,,,,,,,,
1547-1548,1547,PI 686059,IDS28,6,21,20.7,21.7,22.2,23.3,21.3,,21.7,43.9,,,7.316666667,,,,,,,,,
1223-1224,1223,Ames 24752,MS1334,6,21.2,20.6,20.2,22.6,23,23,,21.76666667,105.4,,,17.56666667,,,,,,,,,
2019-2020,2019,Ames 27138,N28Ht,3,26.2,26.6,28.9,,,,,27.23333333,59.4,,,19.8,,,,,,,,,
4101-4102,4101,PI 608765,B77,6,22,20.3,24.6,22.7,21,20.8,,21.9,58.1,,,9.683333333,,,,,,,,,
3421-3422,3421,Ames 27138,N28Ht,7,25.8,24.6,25.2,25.3,25.4,25.8,22.6,21.72857143,100.2,,,14.31428571,,,,,,,,,
2273-2274,2273,Ames 27142,NC292,5,28.9,29.2,31.8,27.3,30.2,,,29.48,84.6,,,16.92,,,,,,,,,
2037-2038,2037,check,check,6,25.4,23.5,21.1,22.8,21.5,21.6,,22.65,65,,,10.83333333,,,,,,,,,
2007-2008,2007,PI 594047,B104,6,30.8,29,29.3,27.6,29.5,30,,29.36666667,150.5,,,25.08333333,,,,,,,,,
4111-4112,4111,Ames 27114,H91,5,23.5,22.3,24.2,19.9,21.8,,,22.34,74.8,,,14.96,,,,,,,,,
1471-1472,1471,Ames 19293,Wf9,7,27.8,24.3,25.6,24.4,29.2,28.4,29.7,22.81428571,247.8,,,35.4,,,,,,,,,
3029-3030,3029,Ames 22748,H100,6,23.4,24.3,27.3,25,22.8,26.8,,24.93333333,77,,,12.83333333,,,,,,,,,
1361-1362,1361,Ames 27140,NC260,2,22,20.8,,,,,,21.4,28.8,,,14.4,,,,,,,,,
3369-3370,3369,NSL 28966,Oh40B,4,24.4,23.6,24.3,21.4,,,,23.425,61.1,,,15.275,,,,,,,,,
4135-4136,4135,PI 592734,R229,6,24.5,20.8,27.6,24,23.8,26,,24.45,94.5,,,15.75,,,,,,,,,
4115-4116,4115,Ames 27151,NC310,6,29,28.3,27,29.6,28.4,28.4,,28.45,102.8,,,17.13333333,,,,,,,,,
1071-1072,1071,NSL 30053,W22,5,23,23,22,23,25,,,23.2,65.6,,,13.12,,,,,,,,,
3545-3546,3545,Ames 27114,H91,2,25.5,25.3,,,,,,25.4,56.9,,,28.45,,,,,,,,,
2009-2010,2009,Ames 19319,H95,6,25,25.5,23.2,24.7,24.7,26.7,,24.96666667,86.7,,,14.45,,,,,,,,,
2031-2032,2031,PI 573098,Oh603,6,23.2,23.7,18.9,21,22.6,22.7,,22.01666667,72.9,,,12.15,,,,,,,,,
1279-1280,1279,Ames 19000,VaW6,6,20.4,19,23,22.9,20.5,22.6,,21.4,71.3,,,11.88333333,,,,,,,,,
4263-4264,4263,Ames 27124,Ki11,6,29.7,30.5,32,28.6,28,30.6,,29.9,182.9,,,30.48333333,,,,,,,,,
3041-3042,3041,PI 257506,F2,6,24.2,22.5,25,23.5,25.9,26.1,,24.53333333,43.6,,,7.266666667,,,,,,,,,
3035-3036,3035,PI 506246,Tzi8,6,22,27,23.8,26,25.3,26.5,,25.1,48.3,,,8.05,,,,,,,,,
4201-4202,4201,Ames 27065,B73Htrhm,3,27.3,25.2,23.9,,,,,25.46666667,34.7,,,11.56666667,,,,,,,,,
3575-3576,3575,PI 587125,CO109,5,18.5,22.6,20,20.6,19.4,,,20.22,37.7,,,7.54,,,,,,,,,
4137-4138,4137,PI 587125,CO109,5,20.5,19.7,19.8,22.8,23,,,21.16,48.8,,,9.76,,,,,,,,,
3583-3584,3583,Ames 27193,Va85,6,21.7,22,20,22.5,18.9,20,,20.85,71.8,,,11.96666667,,,,,,,,,
1371-1372,1371,CIze 44,CI44,7,21.7,19.6,20.6,21.2,20,21.2,21.2,17.75714286,82.9,,,11.84285714,,,,,,,,,
1481-1482,1481,Ames 27193,Va85,5,22.3,24.6,23.6,23.6,25.3,,,23.88,118.7,,,23.74,,,,,,,,,
2279-2280,2279,Ames 19326,R168,3,19.2,23,16,,,,,19.4,19.6,,,6.533333333,,,,,,,,,
3439-3440,3439,Ames 8399,W117HT,6,17,19,17.5,18,19,18.4,,18.15,31.3,,,5.216666667,,,,,,,,,
1367-1368,1367,NSL 30894,R177,6,22.2,24.5,22.7,21.1,24,23,,22.91666667,114,,,19,,,,,,,,,
4153-4154,4153,PI 587131,HP301,6,20,19.5,21,18.8,19.6,19.3,,19.7,51.9,,,8.65,,,,,,,,,
3023-3024,3023,Ames 27134,M162W,6,23.2,22.7,24,23.6,24.7,25.3,,23.91666667,83.9,,,13.98333333,,,,,,,,,
2035-2036,2035,Ames 27194,W401,4,20.1,20.8,21.4,18.5,,,,20.2,46.4,,,11.6,,,,,,,,,
2277-2278,2277,PI 587154,W153R,4,19.8,25.3,23.8,21.3,,,,22.55,44.2,,,11.05,,,,,,,,,
3359-3360,3359,NSL 65874,Os420,2,26.4,27.8,,,,,,27.1,32.2,,,16.1,,,,,,,,,
1025-1026,1025,Ames 24734,MS153,5,27.7,24.4,25.3,26.3,26.4,,,26.02,104.6,,,20.92,,,,,,,,,
2005-2006,2005,Ames 19284,C103,6,24.8,24.5,25,24.5,24,26.5,,24.88333333,158.5,,,26.41666667,,,,,,,,,
1053-1054,1053,Ames 19284,C103,6,26.5,24,23.4,24,24.2,24,,24.35,118.7,,,19.78333333,,,,,,,,,
2469-2470,2469,Ames 27121,K64,6,22.9,23.6,25.2,21.7,24.8,23.6,,23.63333333,63.9,,,10.65,,,,,,,,,
4345-4346,4345,PI 587141,A654,7,24.8,22.3,23.7,26,23.2,21.7,24.9,20.24285714,140.8,,,20.11428571,,,,,,,,,
3201-3202,3201,PI 587130,4722,4,17.5,19.8,19.5,19,,,,18.95,19.1,,,4.775,,,,,,,,,
4425-4426,4425,NSL 22893,F44,6,19.9,18.8,18,19,21,19.2,,19.31666667,49.7,,,8.283333333,,,,,,,,,
2463-2464,2463,Ames 28184,CML69,6,27.7,27.9,23.7,25.3,26.6,21,,25.36666667,96.4,,,16.06666667,,,,,,,,,
2117-2118,2117,Ames 27137,N6,6,20.7,21.8,21.9,25.1,22.5,24.3,,22.71666667,55.7,,,9.283333333,,,,,,,,,
2477-2478,2477,PI 257506,F2,2,23.4,22.6,,,,,,23,15.9,,,7.95,,,,,,,,,
3419-3420,3419,PI 520774,NC264,6,23.4,20,22,19.2,21.8,22.2,,21.43333333,42.6,,,7.1,,,,,,,,,
3221-3222,3221,NSL 30038,K4,6,13.5,19.7,18.8,19.7,23.7,18,,18.9,36.9,,,6.15,,,,,,,,,
2131-2132,2131,Ames 27181,NC370,6,19.3,19.8,20.1,20.1,19.1,21.5,,19.98333333,47.3,,,7.883333333,,,,,,,,,
3205-3206,3205,Ames 27096,CML322,6,23.8,23.7,25.1,25.4,26.7,25,,24.95,78.8,,,13.13333333,,,,,,,,,
4405-4406,4405,Ames 27101,CML333,3,20.3,16.9,15,,,,,17.4,4.4,,,1.466666667,,,,,,,,,
4311-4312,4311,Ames 27085,CML158Q,6,27.6,27.3,29.9,26.7,27.6,31.2,,28.38333333,128.1,,,21.35,,,,,,,,,
2127-2128,2127,Ames 28366,N7A,6,22.9,19,25.8,21.4,19.8,22.4,,21.88333333,62.5,,,10.41666667,,,,,,,,,
1327-1328,1327,PI 550558,DE811,1,20.5,,,,,,,20.5,12.2,,,12.2,,,,,,,,,
4335-4336,4335,PI 257506,F2,5,24.4,18.9,20.3,23.5,21.4,,,21.7,20.6,,,4.12,,,,,,,,,
3235-3236,3235,Ames 27189,SC55,7,22.5,24,23.5,25,25,24.8,21.8,20.68571429,61.6,,,8.8,,,,,,,,,
1317-1318,1317,Ames 27169,NC346,6,22.4,20.8,22.1,20.2,23.5,22.1,,21.85,47.7,,,7.95,,,,,,,,,
2451-2452,2451,PI 595561,CML52,6,24.4,20.4,20.6,20,19,18,,20.4,41.6,,,6.933333333,,,,,,,,,
3227-3228,3227,Ames 12729,NC222,6,22.4,22.2,24.7,23.8,21.7,23.3,,23.01666667,46.4,,,7.733333333,,,,,,,,,
1345-1346,1345,PI 550469,B46,6,24.3,26.7,25.1,25,24.7,24.5,,25.05,159.6,,,26.6,,,,,,,,,
1313-1314,1313,PI 595542,CML254,2,16.5,19,,,,,,17.75,6.9,,,3.45,,,,,,,,,
2475-2476,2475,Ames 22763,Tx601,6,27.6,24.5,23.7,32.2,29,30,,27.83333333,119.5,,,19.91666667,,,,,,,,,
,,,,,,,,,,,,,,,,,,,,,,,,,
,,,,,,,,,,,,,,,,,,,,,,,,,
,,,,,,,,,,,,,,,,,,,,,,,,,